id,name,desc,PreviewWeaponModel,PreviewWeaponDisplay,icon,showimage,model,modelFemale,pickup,PickupSound,type,level,inbagornot,stack,capacity,refid,AvatarRefId,candrop,instantuse,CountLimitInBag,ItemScore
物品id,物品名称,描述索引,武器库的预览模型,武器库的tab是否出现,icon索引,展示图索引,Prefab资源索引,Prefab资源索引,PickUp Prefab资源索,拾取音效SoundID（仅MAX版 SOUND_ACTION_PICKUP_WEAPON为武器拾取 SOUND_ACTION_PICKUP_AMMO为弹药拾取 SOUND_ACTION_PICKUP_GAMEITEM为gameplay道具拾取 SOUND_ACTION_PICKUP_ITEM为糖果等拾取）,物品类型,品质,是否会存入背包,堆叠上限,占用空间,武器表索引id/消耗品索引id/部件索引id,AvatarId索引id,是否能扔,捡起是否立即使用,限制背包中数量,物品分数
1,TXT_ITEM_FIST,TXT_ITEM_FIST,,1,,Icon_slot_FIST,INGAME_WEAPON_KNIFE,INGAME_WEAPON_KNIFE,INGAME_WEAPON_KNIFE,,0,1,0,1,0,1,0,1,0,0,
2,TXT_ITEM_M4A1,T_32_U_M4A1_DESC,Preview_M4A1,1,Icon_weapon_M4A1,Icon_slot_M4A1,INGAME_WEAPON_M4A1,INGAME_WEAPON_M4A1,INGAME_PICKUP_M4A1,SOUND_ACTION_PICKUP_WEAPON,0,1,0,1,0,2,201,1,0,0,0
3,TXT_ITEM_USP,TXT_ITEM_DESC_USP,Preview_USP45,1,Icon_weapon_USP,Icon_slot_USP,INGAME_WEAPON_HANDGUN,INGAME_WEAPON_HANDGUN,INGAME_PICKUP_USP,SOUND_ACTION_PICKUP_WEAPON,0,1,0,1,0,3,200,1,0,0,0
4,TXT_ITEM_AWM,TXT_ITEM_DESC_AWM,Preview_AWM,1,Icon_weapon_AWM,Icon_slot_AWM,INGAME_WEAPON_AWM,INGAME_WEAPON_AWM,INGAME_PICKUP_AWM,SOUND_ACTION_PICKUP_WEAPON,0,1,0,1,0,4,202,1,0,0,3
5,TXT_ITEM_M1014,TXT_ITEM_DESC_M1014,Preview_M1014,1,Icon_weapon_M1014,Icon_slot_M1014,INGAME_WEAPON_M1014,INGAME_WEAPON_M1014,INGAME_PICKUP_M1014,SOUND_ACTION_PICKUP_WEAPON,0,1,0,1,0,5,203,1,0,0,0
6,TXT_ITEM_AK,TXT_ITEM_DESC_AK,Preview_AK47,1,Icon_weapon_AK,Icon_slot_AK,INGAME_WEAPON_AK47,INGAME_WEAPON_AK47,INGAME_PICKUP_AK47,SOUND_ACTION_PICKUP_WEAPON,0,1,0,1,0,6,204,1,0,0,0
7,TXT_ITEM_UMP,TXT_ITEM_DESC_UMP,Preview_UMP45,1,Icon_weapon_UMP,Icon_slot_UMP,INGAME_WEAPON_UMP45,INGAME_WEAPON_UMP45,INGAME_PICKUP_UMP,SOUND_ACTION_PICKUP_WEAPON,0,1,0,1,0,7,205,1,0,0,0
8,TXT_ITEM_MP5,T_32_U_MP5_DESC,Preview_MP5,1,Icon_weapon_MP5,Icon_slot_MP5,INGAME_WEAPON_MP5,INGAME_WEAPON_MP5,INGAME_PICKUP_MP5,SOUND_ACTION_PICKUP_WEAPON,0,1,0,1,0,8,206,1,0,0,0
9,TXT_ITEM_EAGLE,TXT_ITEM_DESC_EAGLE,Preview_Eagle,1,Icon_weapon_DE,Icon_slot_DE,INGAME_WEAPON_EAGLE,INGAME_WEAPON_EAGLE,INGAME_PICKUP_EAGLE,SOUND_ACTION_PICKUP_WEAPON,0,1,0,1,0,9,207,1,0,0,0
10,TXT_ITEM_G18,TXT_ITEM_DESC_G18,Preview_G18,1,Icon_weapon_G18,Icon_slot_G18,INGAME_WEAPON_G18,INGAME_WEAPON_G18,INGAME_PICKUP_G18,SOUND_ACTION_PICKUP_WEAPON,0,1,0,1,0,10,208,1,0,0,0
11,TXT_ITEM_M14,T_32_U_M14_DESC,Preview_M14,1,Icon_weapon_M14,Icon_slot_M14,INGAME_WEAPON_M14,INGAME_WEAPON_M14,INGAME_PICKUP_M14,SOUND_ACTION_PICKUP_WEAPON,0,1,0,1,0,11,209,1,0,0,0
12,TXT_ITEM_SCAR,TXT_ITEM_DESC_SCAR,Preview_SCAR,1,Icon_weapon_SCAR,Icon_slot_SCAR,INGAME_WEAPON_SCAR,INGAME_WEAPON_SCAR,INGAME_PICKUP_SCAR,SOUND_ACTION_PICKUP_WEAPON,0,1,0,1,0,12,210,1,0,0,0
13,TXT_ITEM_VSS,T_32_U_VSS_DESC,Preview_VSS,1,Icon_weapon_VSS,Icon_slot_VSS,INGAME_WEAPON_VSS,INGAME_WEAPON_VSS,INGAME_PICKUP_VSS,SOUND_ACTION_PICKUP_WEAPON,0,1,0,1,0,13,211,1,0,0,0
14,TXT_ITEM_GROZA,TXT_ITEM_DESC_GROZA,Preview_Groza,1,Icon_weapon_GROZA,Icon_slot_GROZA,INGAME_WEAPON_GROZA,INGAME_WEAPON_GROZA,INGAME_PICKUP_GROZA,SOUND_ACTION_PICKUP_WEAPON,0,1,0,1,0,14,212,1,0,0,3
15,TXT_ITEM_MP40,TXT_ITEM_DESC_MP40,Preview_MP40,1,Icon_weapon_MP40,Icon_slot_MP40,INGAME_WEAPON_MP40,INGAME_WEAPON_MP40,INGAME_PICKUP_MP40,SOUND_ACTION_PICKUP_WEAPON,0,1,0,1,0,15,213,1,0,0,0
16,TXT_ITEM_CHANGUO,TXT_ITEM_DESC_CHANGUO,Preview_Pan,1,Icon_weapon_Changuo,Icon_slot_Changuo,INGAME_WEAPON_CHANGUO,INGAME_WEAPON_CHANGUO,INGAME_PICKUP_CHANGUO,SOUND_ACTION_PICKUP_WEAPON,0,1,0,1,0,16,214,1,0,0,0
17,TXT_ITEM_MACHETE,TXT_ITEM_DESC_MACHETE,Preview_Machete,1,Icon_weapon_Machete,Icon_slot_Machete,INGAME_WEAPON_MACHETE,INGAME_WEAPON_MACHETE,INGAME_PICKUP_MACHETE,SOUND_ACTION_PICKUP_WEAPON,0,1,0,1,0,17,215,1,0,0,0
18,TXT_ITEM_SKS,TXT_ITEM_DESC_SKS,Preview_SKS,1,Icon_weapon_SKS,Icon_slot_SKS,INGAME_WEAPON_SKS,INGAME_WEAPON_SKS,INGAME_PICKUP_SKS,SOUND_ACTION_PICKUP_WEAPON,0,1,0,1,0,18,216,1,0,0,0
19,TXT_ITEM_M249,TXT_ITEM_DESC_M249,Preview_M249,1,Icon_weapon_M249,Icon_slot_M249,INGAME_WEAPON_M249,INGAME_WEAPON_M249,INGAME_PICKUP_M249,SOUND_ACTION_PICKUP_WEAPON,0,1,0,1,0,19,217,1,0,0,3
20,TXT_ITEM_M1873,TXT_ITEM_DESC_M1873,Preview_M1873,1,Icon_weapon_M1873,Icon_slot_M1873,INGAME_WEAPON_M1873,INGAME_WEAPON_M1873,INGAME_PICKUP_M1873,SOUND_ACTION_PICKUP_WEAPON,0,1,0,1,0,20,218,1,0,0,0
21,TXT_ITEM_KAR98K,T_32_U_KAR98K_DESC,Preview_Kar98k,1,Icon_weapon_Kar98k,Icon_slot_Kar98k,INGAME_WEAPON_Kar98k,INGAME_WEAPON_Kar98k,INGAME_PICKUP_Kar98k,SOUND_ACTION_PICKUP_WEAPON,0,1,0,1,0,21,219,1,0,0,0
22,TXT_ITEM_CROSSBOW,TXT_ITEM_DESC_CROSSBOW,Preview_Crossbow,1,Icon_weapon_Crossbow,Icon_slot_Crossbow,INGAME_WEAPON_Crossbow,INGAME_WEAPON_Crossbow,INGAME_PICKUP_Crossbow,SOUND_ACTION_PICKUP_WEAPON,0,1,0,1,0,22,220,1,0,0,0
23,TXT_ITEM_M79,TXT_ITEM_DESC_M79,Preview_M79,1,Icon_weapon_M79,Icon_slot_M79,INGAME_WEAPON_M79,INGAME_WEAPON_M79,INGAME_PICKUP_M79,SOUND_ACTION_PICKUP_WEAPON,0,1,0,1,0,23,221,1,0,0,3
24,TXT_ITEM_FAMAS,T_32_U_FAMAS_DESC,Preview_FAMAS,1,Icon_weapon_Famas,Icon_slot_Famas,INGAME_WEAPON_FAMAS,INGAME_WEAPON_FAMAS,INGAME_PICKUP_FAMAS,SOUND_ACTION_PICKUP_WEAPON,0,1,0,1,0,24,222,1,0,0,0
25,TXT_ITEM_M500,TXT_ITEM_DESC_M500,Preview_M500,1,Icon_weapon_M500,Icon_slot_M500,INGAME_WEAPON_M500,INGAME_WEAPON_M500,INGAME_PICKUP_M500,SOUND_ACTION_PICKUP_WEAPON,0,1,0,1,0,25,223,1,0,0,0
26,TXT_ITEM_SVD,TXT_ITEM_DESC_SVD,Preview_SVD,1,Icon_weapon_SVD,Icon_slot_SVD,INGAME_WEAPON_SVD,INGAME_WEAPON_SVD,INGAME_PICKUP_SVD,SOUND_ACTION_PICKUP_WEAPON,0,1,0,1,0,26,224,1,0,0,3
27,TXT_ITEM_BASEBALLPOLE,TXT_ITEM_DESC_BASEBALLPOLE,Preview_Baseballbat,1,Icon_weapon_BASEBALLPOLE,Icon_slot_BASEBALLPOLE,INGAME_WEAPON_BASEBALLPOLE,INGAME_WEAPON_BASEBALLPOLE,INGAME_PICKUP_BASEBALLPOLE,SOUND_ACTION_PICKUP_WEAPON,0,1,0,1,0,27,225,1,0,0,0
28,TXT_ITEM_XM8,TXT_ITEM_DESC_XM8,Preview_XM8,1,Icon_weapon_Xm8,Icon_slot_Xm8,INGAME_WEAPON_XM8,INGAME_WEAPON_XM8,INGAME_PICKUP_XM8,SOUND_ACTION_PICKUP_WEAPON,0,1,0,1,0,28,226,1,0,0,0
29,TXT_ITEM_SPAS12,TXT_ITEM_DESC_SPAS12,Preview_SPAS12,1,Icon_weapon_SPAS12,Icon_slot_SPAS12,INGAME_WEAPON_SPAS12,INGAME_WEAPON_SPAS12,INGAME_PICKUP_SPAS12,SOUND_ACTION_PICKUP_WEAPON,0,1,0,1,0,29,227,1,0,0,0
30,TXT_OB10_HQW_ITEM_M60,T_32_U_M60_DESC,Preview_M60,1,Icon_weapon_M60,Icon_slot_M60,INGAME_WEAPON_M60,INGAME_WEAPON_M60,INGAME_PICKUP_M60,SOUND_ACTION_PICKUP_WEAPON,0,1,0,1,0,30,228,1,0,0,0
31,TXT_OB11_HQW_ITEM_MGL140,TXT_OB11_HQW_ITEM_DESC_MGL140,Preview_MGL140,1,Icon_weapon_MGL140,Icon_slot_MGL140,INGAME_WEAPON_MGL140,INGAME_WEAPON_MGL140,INGAME_PICKUP_MGL140,SOUND_ACTION_PICKUP_WEAPON,0,1,0,1,0,31,229,1,0,0,0
32,TXT_OB11_HQW_ITEM_P90,TXT_OB11_HQW_ITEM_DESC_P90,Preview_P90,1,Icon_weapon_P90,Icon_slot_P90,INGAME_WEAPON_P90,INGAME_WEAPON_P90,INGAME_PICKUP_P90,SOUND_ACTION_PICKUP_WEAPON,0,1,0,1,0,32,230,1,0,0,0
33,T_12_Q_ITEM_AN94,T_12_Q_ITEM_DESC_AN94,Preview_AN94,1,Icon_weapon_AN94,Icon_slot_AN94,INGAME_WEAPON_AN94,INGAME_WEAPON_AN94,INGAME_PICKUP_AN94,SOUND_ACTION_PICKUP_WEAPON,0,1,0,1,0,33,232,1,0,0,0
34,T_14_G_ITEM_KATANA,T_14_G_ITEM_DESC_KATANA,Preview_Katana,1,Icon_weapon_Katana,Icon_slot_Katana,INGAME_WEAPON_KATANA,INGAME_WEAPON_KATANA,INGAME_PICKUP_KATANA,SOUND_ACTION_PICKUP_WEAPON,0,1,0,1,0,34,233,1,0,0,0
35,T_15_Q_ITEM_CG15,T_15_Q_ITEM_DESC_CG15,Preview_CG15,1,Icon_weapon_CG15,Icon_slot_CG15,INGAME_WEAPON_CG15,INGAME_WEAPON_CG15,INGAME_PICKUP_CG15,SOUND_ACTION_PICKUP_WEAPON,0,1,0,1,0,35,234,1,0,0,0
36,T_14_Q_ITEM_RGS50,T_14_Q_ITEM_DESC_RGS50,Preview_Track_GrenadeLauncher,1,Icon_weapon_RGS50,Icon_slot_RGS50,INGAME_WEAPON_RGS50,INGAME_WEAPON_RGS50,INGAME_PICKUP_RGS50,SOUND_ACTION_PICKUP_WEAPON,0,1,0,1,0,36,235,1,0,0,0
37,T_15_Q_ITEM_GATLING,T_15_Q_ITEM_DESC_GATLING,Preview_Gatling,1,Icon_weapon_Gatling,Icon_slot_Gatling,INGAME_WEAPON_GATLING,INGAME_WEAPON_GATLING,INGAME_PICKUP_GATLING,SOUND_ACTION_PICKUP_WEAPON,0,1,0,1,0,37,236,1,0,0,0
38,T_16_B_ITEM_GRAPPLINGHOOKGUN,T_16_B_ITEM_DESC_GRAPPLINGHOOKGUN,Preview_GrapplingHookGun,1,Icon_weapon_GrapplingHookGun,Icon_slot_GrapplingHookGun,INGAME_WEAPON_GrapplingHookGun,INGAME_WEAPON_GrapplingHookGun,INGAME_PICKUP_GrapplingHookGun,SOUND_ACTION_PICKUP_WEAPON,0,1,0,1,0,38,302,1,0,0,0
39,T_17_Q_SUPERHEAT,T_32_U_SUPERHEAT_DESC,Preview_Superheat_Gun,1,Icon_weapon_Superheat,Icon_slot_Superheat,INGAME_WEAPON_HEAT_GUN,INGAME_WEAPON_HEAT_GUN,INGAME_PICKUP_SUPERHEAT,SOUND_ACTION_PICKUP_WEAPON,0,1,0,1,0,39,238,1,0,0,0
40,T_18_B_THROWINGKNIFE_NAME,T_18_B_THROWINGKNIFE_DES,Preview_ThrowingKnife,1,Icon_weapon_ThrowingKnife,Icon_weapon_ThrowingKnife,INGAME_WEAPON_THROWINGKNIFE,INGAME_WEAPON_THROWINGKNIFE,INGAME_PICKUP_THROWINGKNIFE,SOUND_ACTION_PICKUP_WEAPON,0,1,1,1,0,40,,1,0,0,0
41,T_18_U_WEAPON_M1887_NAME,T_18_U_WEAPON_M1887_DESC,Preview_M1887,1,Icon_weapon_M1887,Icon_slot_M1887,INGAME_WEAPON_M1887,INGAME_WEAPON_M1887,INGAME_PICKUP_M1887,SOUND_ACTION_PICKUP_WEAPON,0,1,0,1,0,41,242,1,0,0,5
42,T_18_B_THROWINGKNIFE_NAME,T_18_B_THROWINGKNIFE_DES,Preview_ThrowingKnife,1,Icon_weapon_ThrowingKnife,Icon_weapon_ThrowingKnife,INGAME_WEAPON_THROWINGKNIFE,INGAME_WEAPON_THROWINGKNIFE,INGAME_PICKUP_THROWINGKNIFE,SOUND_ACTION_PICKUP_WEAPON,0,1,1,1,0,42,,1,0,0,0
43,T_21_U_WEAPON_THOMPSON_NAME,T_21_U_WEAPON_THOMPSON_DESC,Preview_Thompson,1,Icon_weapon_Thompson,Icon_slot_Thompson,INGAME_WEAPON_THOMPSON,INGAME_WEAPON_THOMPSON,INGAME_PICKUP_THOMPSON,SOUND_ACTION_PICKUP_WEAPON,0,1,0,1,0,43,245,1,0,0,0
44,T_16_B_ITEM_GRAPPLINGHOOKGUN,T_16_B_ITEM_DESC_GRAPPLINGHOOKGUN,Preview_GrapplingHookGun,1,Icon_weapon_GrapplingHookGun,Icon_slot_GrapplingHookGun,INGAME_WEAPON_GrapplingHookGun,INGAME_WEAPON_GrapplingHookGun,INGAME_PICKUP_GrapplingHookGun,SOUND_ACTION_PICKUP_WEAPON,0,1,0,1,0,44,303,1,0,0,0
45,T_22_C_BLT_NAME,T_22_C_BLT_DESC,Preview_BM94,1,Icon_weapon_BM94,Icon_slot_BM94,INGAME_WEAPON_BM94,INGAME_WEAPON_BM94,INGAME_PICKUP_BM94,SOUND_ACTION_PICKUP_WEAPON,0,1,0,1,0,45,246,1,0,0,5
46,T_23_U_AUG,T_23_U_AUG_DESC,Preview_AUG,1,Icon_weapon_AUG,Icon_slot_AUG,INGAME_WEAPON_AUG,INGAME_WEAPON_AUG,INGAME_PICKUP_AUG,SOUND_ACTION_PICKUP_WEAPON,0,1,0,1,0,46,247,1,0,0,0
47,T_24_U_PARAFAL,T_24_U_PARAFAL_DESC,Preview_ParaFAL,1,Icon_weapon_PARAFAL,Icon_slot_PARAFAL,INGAME_WEAPON_PARAFAL,INGAME_WEAPON_PARAFAL,INGAME_PICKUP_PARAFAL,SOUND_ACTION_PICKUP_WEAPON,0,1,0,1,0,47,248,1,0,0,0
48,T_24_U_M21A5,T_24_U_M21A5_DESC,Preview_M21A5,1,Icon_weapon_M21A5,Icon_slot_M21A5,INGAME_WEAPON_M21A5,INGAME_WEAPON_M21A5,INGAME_PICKUP_M21A5,SOUND_ACTION_PICKUP_WEAPON,0,1,0,1,0,48,249,1,0,0,0
49,T_25_U_VECTOR,T_25_U_VECTOR_DESC,Preview_Vector,1,Icon_weapon_VECTOR,Icon_slot_VECTOR,INGAME_WEAPON_VECTOR,INGAME_WEAPON_VECTOR,INGAME_PICKUP_VECTOR,SOUND_ACTION_PICKUP_WEAPON,0,1,0,1,0,49,250,1,0,0,0
50,T_25_U_MAG7,T_25_U_MAG7_DESC,Preview_MAG7,1,Icon_weapon_MAG7,Icon_slot_MAG7,INGAME_WEAPON_MAG7,INGAME_WEAPON_MAG7,INGAME_PICKUP_MAG7,SOUND_ACTION_PICKUP_WEAPON,0,1,0,1,0,50,251,1,0,0,0
51,T_25_U_SICKLE,T_25_U_SICKLE_DESC,Preview_Sickle,1,Icon_weapon_Sickle,Icon_slot_Sickle,INGAME_WEAPON_SICKLE,INGAME_WEAPON_SICKLE,INGAME_PICKUP_SICKLE,SOUND_ACTION_PICKUP_WEAPON,0,1,0,1,0,51,252,1,0,0,0
52,T_26_V_TRAINING_BHH,T_26_V_TRAINING_BHH_DESC,,0,Icon_Ingame_BigHeadHammer,Icon_slot_Hammer,INGAME_WEAPON_BIGHEADHAMMER,INGAME_WEAPON_BIGHEADHAMMER,INGAME_WEAPON_BIGHEADHAMMER,SOUND_ACTION_PICKUP_WEAPON,0,1,0,1,0,52,253,1,0,0,0
53,T_18_B_THROWINGKNIFE_NAME,T_18_B_THROWINGKNIFE_DES,Preview_ThrowingKnife,1,Icon_weapon_ThrowingKnife,Icon_slot_ThrowingKnife,INGAME_WEAPON_THROWINGKNIFE,INGAME_WEAPON_THROWINGKNIFE,INGAME_PICKUP_THROWINGKNIFE_BR,SOUND_ACTION_PICKUP_WEAPON,0,1,0,1,0,53,254,1,0,0,0
54,T_27_U_KORD,T_27_U_KORD_SESC,Preview_Kord,1,Icon_weapon_Kord,Icon_slot_Kord,INGAME_WEAPON_KORD,INGAME_WEAPON_KORD,INGAME_PICKUP_KORD,SOUND_ACTION_PICKUP_WEAPON,0,1,0,1,0,54,255,1,0,0,0
55,T_27_U_M1917,T_27_U_M1917_DESC,Preview_M1917,1,Icon_weapon_M1917,Icon_slot_M1917,INGAME_WEAPON_M1917,INGAME_WEAPON_M1917,INGAME_PICKUP_M1917,SOUND_ACTION_PICKUP_WEAPON,0,1,0,1,0,55,256,1,0,0,0
56,T_27_U_WSP,T_27_U_WSP_DESC,,1,Icon_weapon_MUSP,Icon_slot_MUSP,INGAME_WEAPON_USP,INGAME_WEAPON_USP,INGAME_PICKUP_WSP,SOUND_ACTION_PICKUP_WEAPON,0,1,0,1,0,56,257,1,0,0,0
57,T_28_YF_AR15,T_28_YF_AR15_DESC,Preview_AR15,1,Icon_weapon_AR15,Icon_slot_AR15,INGAME_WEAPON_AR15,INGAME_WEAPON_AR15,INGAME_PICKUP_AR15,SOUND_ACTION_PICKUP_WEAPON,0,1,0,1,0,57,258,1,0,0,0
58,T_28_HI_UZI,T_28_HI_UZI_DESC,Preview_UZI,1,Icon_weapon_UZI,Icon_slot_UZI,INGAME_WEAPON_UZI,INGAME_WEAPON_UZI,INGAME_PICKUP_UZI,SOUND_ACTION_PICKUP_WEAPON,0,1,0,1,0,58,259,1,0,0,0
59,T_18_B_THROWINGKNIFE_NAME,T_18_B_THROWINGKNIFE_DES,Preview_ThrowingKnife,1,Icon_weapon_ThrowingKnife,Icon_weapon_ThrowingKnife,INGAME_WEAPON_THROWINGKNIFE,INGAME_WEAPON_THROWINGKNIFE,INGAME_PICKUP_THROWINGKNIFE,SOUND_ACTION_PICKUP_WEAPON,0,1,1,1,0,59,,1,0,0,0
60,T_22_U_GOLD_MP5_N,T_22_U_GOLD_MP5_D,Preview_MP5,0,Icon_weapon_MP5,Icon_slot_MP5,INGAME_WEAPON_MP5,INGAME_WEAPON_MP5,INGAME_PICKUP_MP5_GOLDGUN,SOUND_ACTION_PICKUP_WEAPON,0,1,0,1,0,60,206,1,0,0,2
61,T_22_U_GOLD_M60_N,T_22_U_GOLD_M60_D,,0,Icon_weapon_M60,Icon_slot_M60,INGAME_WEAPON_M60,INGAME_WEAPON_M60,INGAME_PICKUP_M60_GOLDGUN,SOUND_ACTION_PICKUP_WEAPON,0,1,0,1,0,61,228,1,0,0,2
62,T_22_U_GOLD_VSS_N,T_25_U_GOLD_VSS_D,,0,Icon_weapon_VSS,Icon_slot_VSS,INGAME_WEAPON_VSS,INGAME_WEAPON_VSS,INGAME_PICKUP_VSS_GOLDGUN,SOUND_ACTION_PICKUP_WEAPON,0,1,0,1,0,62,211,1,0,0,2
63,T_22_U_GOLD_M14_N,T_22_U_GOLD_M14_D,,0,Icon_weapon_M14,Icon_slot_M14,INGAME_WEAPON_M14,INGAME_WEAPON_M14,INGAME_PICKUP_M14_GOLDGUN,SOUND_ACTION_PICKUP_WEAPON,0,1,0,1,0,63,209,1,0,0,2
64,T_22_U_GOLD_98K_N,T_22_U_GOLD_98K_D,,0,Icon_weapon_Kar98k,Icon_slot_Kar98k,INGAME_WEAPON_Kar98k,INGAME_WEAPON_Kar98k,INGAME_PICKUP_KAR98K_GOLDGUN,SOUND_ACTION_PICKUP_WEAPON,0,1,0,1,0,64,219,1,0,0,2
65,T_22_U_GOLD_AWM_N,T_22_U_GOLD_AWM_D,,0,Icon_weapon_AWM,Icon_slot_AWM,INGAME_WEAPON_AWM,INGAME_WEAPON_AWM,INGAME_PICKUP_AWM_GOLDGUN,SOUND_ACTION_PICKUP_WEAPON,0,1,0,1,0,65,202,1,0,0,5
66,T_22_U_GOLD_HEAT_N,T_22_U_GOLD_HEAT_D,,0,Icon_weapon_Superheat,Icon_slot_Superheat,INGAME_WEAPON_HEAT_GUN,INGAME_WEAPON_HEAT_GUN,INGAME_PICKUP_SUPERHEAT_GOLDGUN,SOUND_ACTION_PICKUP_WEAPON,0,1,0,1,0,66,238,1,0,0,2
67,T_26_U_GOLD_FAMAS_N,T_26_U_GOLD_FAMAS_D,Preview_FAMAS,1,Icon_weapon_Famas,Icon_slot_Famas,INGAME_WEAPON_FAMAS,INGAME_WEAPON_FAMAS,INGAME_PICKUP_FAMAS_GOLDGUN,SOUND_ACTION_PICKUP_WEAPON,0,1,0,1,0,67,222,1,0,0,2
68,TecGun2,T_29_ZY_TECGUN_DESC,Preview_TecGun,1,Icon_weapon_TecGun,Icon_slot_TecGun,INGAME_WEAPON_TecGun,INGAME_WEAPON_TecGun,INGAME_PICKUP_TecGun,SOUND_ACTION_PICKUP_WEAPON,0,1,0,1,0,68,260,1,0,0,0
69,T_25_U_VECTOR,T_25_U_VECTOR_DESC,Preview_Vector,1,Icon_weapon_DoubleVector,Icon_slot_VECTOR,INGAME_WEAPON_VECTOR,INGAME_WEAPON_VECTOR,INGAME_PICKUP_VECTOR,SOUND_ACTION_PICKUP_WEAPON,0,1,0,1,0,69,250,1,0,0,0
70,T_32_YF_GOLD_GROZA_N,T_32_YF_GOLD_GROZA_D,Preview_Groza,1,Icon_weapon_GROZA,Icon_slot_GROZA,INGAME_WEAPON_GROZA,INGAME_WEAPON_GROZA,INGAME_PICKUP_GROZA,SOUND_ACTION_PICKUP_WEAPON,0,1,0,1,0,70,212,1,0,0,10
71,T_32_YF_GOLD_M249_N,T_32_YF_GOLD_M249_D,Preview_M249,1,Icon_weapon_M249,Icon_slot_M249,INGAME_WEAPON_M249,INGAME_WEAPON_M249,INGAME_PICKUP_M249,SOUND_ACTION_PICKUP_WEAPON,0,1,0,1,0,71,217,1,0,0,10
72,T_32_YF_GOLD_SVD_N,T_32_YF_GOLD_SVD_D,Preview_SVD,1,Icon_weapon_SVD,Icon_slot_SVD,INGAME_WEAPON_SVD,INGAME_WEAPON_SVD,INGAME_PICKUP_SVD,SOUND_ACTION_PICKUP_WEAPON,0,1,0,1,0,72,224,1,0,0,10
73,T_22_U_UMP_N,T_22_U_UMP_D,,0,Icon_weapon_UMP,Icon_slot_UMP,INGAME_WEAPON_UMP45,INGAME_WEAPON_UMP45,INGAME_PICKUP_UMP,SOUND_ACTION_PICKUP_WEAPON,0,1,0,1,0,73,205,1,0,0,0
74,T_22_U_MP40_N,T_22_U_MP40_D,,0,Icon_weapon_MP40,Icon_slot_MP40,INGAME_WEAPON_MP40,INGAME_WEAPON_MP40,INGAME_PICKUP_MP40,SOUND_ACTION_PICKUP_WEAPON,0,1,0,1,0,74,213,1,0,0,0
75,T_30_YF_Healinggun_Sniper_N,T_30_YF_Healinggun_Sniper_D,Preview_HealingFire,0,Icon_weapon_HealingFire,Icon_slot_HealingFire,INGAME_WEAPON_HealingFire,INGAME_WEAPON_HealingFire,INGAME_PICKUP_HealingFire,SOUND_ACTION_PICKUP_WEAPON,0,1,0,1,0,75,308,1,0,0,0
76,T_30_YF_Healinggun_Sniper_N,T_30_YF_Healinggun_Sniper_D,Preview_HealingRifle,1,Icon_weapon_HealingRifle,Icon_slot_HealingRifle,INGAME_WEAPON_HealingRifle,INGAME_WEAPON_HealingRifle,INGAME_PICKUP_HealingRifle,SOUND_ACTION_PICKUP_WEAPON,0,1,0,1,0,76,309,1,0,0,0
77,T_30_YF_Healinggun_Sniper_N,T_30_YF_Healinggun_Sniper_D,Preview_HealingShot,1,Icon_weapon_HealingSub,Icon_slot_HealingSub,INGAME_WEAPON_HealingShot,INGAME_WEAPON_HealingShot,INGAME_PICKUP_HealingShot,SOUND_ACTION_PICKUP_WEAPON,0,1,0,1,0,77,310,1,0,0,0
78,T_30_YF_Healinggun_Sniper_N,T_30_YF_Healinggun_Sniper_D,Preview_HealingSniper,1,Icon_weapon_HealingSniper,Icon_slot_HealingSniper,INGAME_WEAPON_HealingSniper,INGAME_WEAPON_HealingSniper,INGAME_PICKUP_HealingSniper,SOUND_ACTION_PICKUP_WEAPON,0,1,0,1,0,78,305,1,0,0,0
79,T_30_YF_Healinggun_Shot_N,T_30_YF_Healinggun_Shot_D,Preview_HealingShot,0,Icon_weapon_HealingShot,Icon_slot_HealingShot,INGAME_WEAPON_HealingShot,INGAME_WEAPON_HealingShot,INGAME_PICKUP_HealingShot,SOUND_ACTION_PICKUP_WEAPON,0,1,0,1,0,79,306,1,0,0,0
80,T_29_YF_GOLD_M4A1_X_N,T_29_YF_GOLD_M4A1_X_D,Preview_M4A1,1,Icon_weapon_M4A1,Icon_slot_M4A1,INGAME_WEAPON_M4A1,INGAME_WEAPON_M4A1,INGAME_PICKUP_M4A1,SOUND_ACTION_PICKUP_WEAPON,0,1,0,1,0,80,201,1,0,0,1
81,T_29_YF_GOLD_M4A1_Y_N,T_29_YF_GOLD_M4A1_Y_D,Preview_M4A1,1,Icon_weapon_M4A1,Icon_slot_M4A1,INGAME_WEAPON_M4A1,INGAME_WEAPON_M4A1,INGAME_PICKUP_M4A1,SOUND_ACTION_PICKUP_WEAPON,0,1,0,1,0,81,201,1,0,0,2
82,T_29_YF_GOLD_M4A1_Z_N,T_29_YF_GOLD_M4A1_Z_D,Preview_M4A1,1,Icon_weapon_M4A1,Icon_slot_M4A1,INGAME_WEAPON_M4A1,INGAME_WEAPON_M4A1,INGAME_PICKUP_M4A1,SOUND_ACTION_PICKUP_WEAPON,0,1,0,1,0,82,201,1,0,0,4
83,T_32_LO_WEAPON_HURRISTICKG,T_32_LO_WEAPON_HURRISTICKG,,0,Icon_weapon_BASEBALLPOLE,Icon_slot_BASEBALLPOLE,HURRICANESTICK_BLUE,HURRICANESTICK_BLUE,INGAME_PICKUP_BASEBALLPOLE,SOUND_ACTION_PICKUP_WEAPON,0,1,0,1,0,83,,1,0,0,0
84,T_29_LO_WEAPON_ANNISTICKR,T_29_LO_WEAPON_ANNISTICKR,,0,Icon_weapon_BASEBALLPOLE,Icon_slot_BASEBALLPOLE,HURRICANESTICK_RED,HURRICANESTICK_RED,INGAME_PICKUP_BASEBALLPOLE,SOUND_ACTION_PICKUP_WEAPON,0,1,0,1,0,84,,1,0,0,0
86,T_32_YF_CHARGESHOT_N,T_32_YF_CHARGESHOT_D,Preview_ChargeShot,1,Icon_weapon_Chargeshot,Icon_ChargeShot_Render,INGAME_WEAPON_ChargeShot,INGAME_WEAPON_ChargeShot,INGAME_PICKUP_ChargeShot,SOUND_ACTION_PICKUP_WEAPON,0,1,0,1,0,86,311,1,0,0,0
87,T_32_U_DOGGUN,T_32_U_DOGGUN_D,,1,Icon_weapon_doggun,Icon_slot_doggun,INGAME_WEAPON_DOGGUN,INGAME_WEAPON_DOGGUN,INGAME_PICKUP_DOGGUN,SOUND_ACTION_PICKUP_WEAPON,0,1,0,1,0,87,307,1,0,0,0
88,T_31_YF_MAC10_N,T_31_YF_MAC10_D,Preview_Mac10,1,Icon_weapon_Mac10,Icon_slot_Mac10,INGAME_WEAPON_Mac10,INGAME_WEAPON_Mac10,INGAME_PICKUP_Mac10,SOUND_ACTION_PICKUP_WEAPON,0,1,0,1,0,88,262,1,0,0,0
89,T_29_HI_MINI14,T_29_HI_MINI14_DESC,Preview_MINI14,1,Icon_weapon_MINI,Icon_slot_MINI,INGAME_WEAPON_MINI14,INGAME_WEAPON_MINI14,INGAME_PICKUP_MINI14,SOUND_ACTION_PICKUP_WEAPON,0,1,0,1,0,89,261,1,0,0,0
90,T_14_Q_ITEM_RGS50,T_14_Q_ITEM_DESC_RGS50,Preview_Track_GrenadeLauncher,1,Icon_weapon_RGS50,Icon_slot_RGS50,INGAME_WEAPON_RGS50,INGAME_WEAPON_RGS50,INGAME_PICKUP_RGS50,SOUND_ACTION_PICKUP_WEAPON,0,1,0,1,0,36,235,1,0,0,0
91,TXT_ITEM_M79,TXT_ITEM_DESC_M79,,0,Icon_weapon_M79,Icon_slot_M79,INGAME_WEAPON_M79,INGAME_WEAPON_M79,INGAME_PICKUP_M79,SOUND_ACTION_PICKUP_WEAPON,0,1,0,1,0,91,221,1,0,0,0
92,TXT_OB10_CX_SPEEDROYAL_ITEM_AUTOMACHINEGUN,TXT_ITEM_DESC_AK,,0,Icon_weapon_AK,Icon_slot_AK,INGAME_WEAPON_AK47,INGAME_WEAPON_AK47,INGAME_PICKUP_AK47,SOUND_ACTION_PICKUP_WEAPON,0,1,0,1,0,92,204,1,0,0,0
93,T_12_Q_ITEM_TREATMENTGUN,T_12_Q_ITEM_DESC_TREATMENTGUN,Preview_TreatmentGun,1,Icon_weapon_TREATMENTGUN,Icon_slot_TREATMENTGUN,INGAME_WEAPON_TREATMENTGUN,INGAME_WEAPON_TREATMENTGUN,INGAME_PICKUP_TREATMENTGUN,SOUND_ACTION_PICKUP_WEAPON,0,1,0,1,0,93,304,1,0,0,0
94,TXT_ITEM_AWM,TXT_ITEM_DESC_AWM,Preview_AWM,1,Icon_weapon_AWM,Icon_slot_AWM,INGAME_WEAPON_AWM,INGAME_WEAPON_AWM,INGAME_PICKUP_AWM,SOUND_ACTION_PICKUP_WEAPON,0,1,0,1,0,94,202,1,0,0,0
95,TXT_ITEM_HANDCANNON,TXT_ITEM_DESC_HANDCANNON,Preview_Hand_Cannon,1,Icon_weapon_Hand_Cannon,Icon_slot_Hand_Cannon,INGAME_WEAPON_HANDCANNON,INGAME_WEAPON_HANDCANNON,INGAME_PICKUP_HANDCANNON,SOUND_ACTION_PICKUP_WEAPON,0,1,0,1,0,95,237,1,0,0,1
96,T_24_V_WEAPON_LIGHTSTICK,T_24_V_WEAPON_LIGHTSTICK,,0,Icon_weapon_BASEBALLPOLE,Icon_slot_BASEBALLPOLE,INGAME_WEAPON_DJMAN_LIGHTSTICK,INGAME_WEAPON_DJMAN_LIGHTSTICK,INGAME_PICKUP_BASEBALLPOLE,SOUND_ACTION_PICKUP_WEAPON,0,1,0,1,0,96,,1,0,0,0
97,T_19_C_ICE_GUN_NAME,T_19_C_ICE_GUN_DESC,Preview_Ice_Gun,1,Icon_weapon_ICE_GUN,Icon_slot_ICE_GUN,INGAME_WEAPON_ICEGUN,INGAME_WEAPON_ICEGUN,INGAME_PICKUP_ICEGUN,SOUND_ACTION_PICKUP_WEAPON,0,1,0,1,0,97,300,1,0,0,1
98,T_15_Q_ITEM_CG15,T_15_Q_ITEM_DESC_CG15,Preview_CG15,1,Icon_weapon_CG15,Icon_slot_CG15,INGAME_WEAPON_CG15,INGAME_WEAPON_CG15,INGAME_PICKUP_CG15,SOUND_ACTION_PICKUP_WEAPON,0,1,0,1,0,98,243,1,0,0,0
99,T_20_U_SHIELD_GUN_NAME,T_20_U_SHIELD_GUN_DESC,Preview_ShieldGun,1,Icon_weapon_shieldgun,Icon_slot_shieldgun,INGAME_WEAPON_SHIELDGUN,INGAME_WEAPON_SHIELDGUN,INGAME_PICKUP_SHIELDGUN,SOUND_ACTION_PICKUP_WEAPON,0,1,0,1,0,99,244,1,0,0,0
100,T_24_C_FLAMETHROWER_NAME,T_24_C_FLAMETHROWER_DESC,,0,Icon_weapon_FLAMETHROWER,Icon_slot_FLAMETHROWER,INGAME_WEAPON_FLAMETHROWER,INGAME_WEAPON_FLAMETHROWER,INGAME_PICKUP_FLAMETHROWER,SOUND_ACTION_PICKUP_WEAPON,0,1,0,1,0,100,301,1,0,0,0
101,TXT_ITEM_BANDAGE,TXT_ITEM_DESC_BANDAGE,,0,Icon_item_bandage,Icon_item_bandage,,,,,1,1,1,2,1,101,0,1,0,0,0
102,TXT_ITEM_FAK,TXT_ITEM_DESC_FAK,,0,Icon_item_fak,Icon_item_fak,,,INGAME_PICKUP_FAK_1,SOUND_ACTION_PICKUP_GAMEITEM,1,1,1,2,15,102,0,1,0,0,0.6
103,TXT_ITEM_ENERGYDRINK,TXT_ITEM_DESC_ENERGYDRINK,,0,Icon_boost_EnergyDrink,Icon_boost_EnergyDrink,,,,,1,1,1,2,3,103,0,1,0,0,0
104,TXT_OB7_SQ_ITEM_LOADOUT_DETECTOR,TXT_OB7_SQ_ITEM_LOADOUT_DETECTOR_DESC,,0,Icon_Loadout_Detector,Icon_Loadout_Detector,,,,,1,1,0,1,0,104,0,0,0,0,0
105,TXT_ITEM_FAK,T_12_S_ITEM_FAK_PVE_DESC,,0,Icon_item_fak,Icon_item_fak,,,INGAME_PICKUP_FAK_1,,1,1,1,2,0,105,0,1,0,6,0
106,TXT_OB16_Q_ITEM_ARMORREPAIR,TXT_OB16_Q_ITEM_ARMORREPAIR_DESC,,0,Icon_item_ArmorRepair,Icon_item_ArmorRepair,,,INGAME_PICKUP_ARMORREPAIR,,1,1,1,2,1,106,0,1,0,0,0.6
108,T_23_B_CARDIAC_NAME,T_23_B_CARDIAC_DESC,,0,Icon_item_Cardiac,Icon_item_Cardiac,INGAME_PACEMAKER,INGAME_PACEMAKER,INGAME_PICKUP_PACEMAKER,,1,1,1,1,1,108,0,1,0,1,1
109,T_23_B_CARDIAC_NAME,T_23_B_CARDIAC_DESC,,0,Icon_item_Cardiac_Bounty,Icon_item_Cardiac_Bounty,INGAME_PACEMAKER_BOUNTY,INGAME_PACEMAKER_BOUNTY,INGAME_PICKUP_CARDIAC_BOUNTY,,1,1,1,1,1,109,0,1,0,1,0
110,T_32_LO_WEAPON_HURRISTICKP,T_32_LO_WEAPON_HURRISTICKP,,0,Icon_weapon_BASEBALLPOLE,Icon_slot_BASEBALLPOLE,HURRICANESTICK_PURPLE,HURRICANESTICK_PURPLE,INGAME_PICKUP_BASEBALLPOLE,SOUND_ACTION_PICKUP_WEAPON,0,1,0,1,0,110,,1,0,0,0
111,T_32_LO_WEAPON_HURRISTICKW,T_32_LO_WEAPON_HURRISTICKW,,0,Icon_weapon_BASEBALLPOLE,Icon_slot_BASEBALLPOLE,HURRICANESTICK_WHITE,HURRICANESTICK_WHITE,INGAME_PICKUP_BASEBALLPOLE,SOUND_ACTION_PICKUP_WEAPON,0,1,0,1,0,111,,1,0,0,0
119,T_32_RW_WEAPON_M1887TD_NAME,T_32_RW_WEAPON_M1887TD_DESC,Preview_M1887,1,Icon_weapon_M1887,Icon_slot_M1887,INGAME_WEAPON_M1887,INGAME_WEAPON_M1887,INGAME_PICKUP_M1887,SOUND_ACTION_PICKUP_WEAPON,0,1,0,1,0,119,242,1,0,0,10
120,T_32_U_GOLD_MP5_II,T_32_U_GOLD_MP5-II_DESC,,0,Icon_weapon_MP5,Icon_slot_MP5,INGAME_WEAPON_MP5,INGAME_WEAPON_MP5,INGAME_PICKUP_MP5_GOLDGUN,SOUND_ACTION_PICKUP_WEAPON,0,1,0,1,0,120,206,1,0,0,2
121,T_32_U_GOLD_MP5_III,T_32_U_GOLD_MP5-III_DESC,Preview_MP5,0,Icon_weapon_MP5,Icon_slot_MP5,INGAME_WEAPON_MP5,INGAME_WEAPON_MP5,INGAME_PICKUP_MP5,SOUND_ACTION_PICKUP_WEAPON,0,1,0,1,0,121,206,1,0,0,4
122,T_32_U_GOLD_M60_II,T_32_U_GOLD_M60-II_DESC,,0,Icon_weapon_M60,Icon_slot_M60,INGAME_WEAPON_M60,INGAME_WEAPON_M60,INGAME_PICKUP_M60_GOLDGUN,SOUND_ACTION_PICKUP_WEAPON,0,1,0,1,0,122,228,1,0,0,2
123,T_32_U_GOLD_M60_III,T_32_U_GOLD_M60-III_DESC,,0,Icon_weapon_M60,Icon_slot_M60,INGAME_WEAPON_M60,INGAME_WEAPON_M60,INGAME_PICKUP_M60_GOLDGUN,SOUND_ACTION_PICKUP_WEAPON,0,1,0,1,0,123,228,1,0,0,4
124,T_32_U_GOLD_VSS_II,T_32_U_GOLD_VSS-II_DESC,,0,Icon_weapon_VSS,Icon_slot_VSS,INGAME_WEAPON_VSS,INGAME_WEAPON_VSS,INGAME_PICKUP_VSS_GOLDGUN,SOUND_ACTION_PICKUP_WEAPON,0,1,0,1,0,124,211,1,0,0,2
125,T_32_U_GOLD_VSS_III,T_32_U_GOLD_VSS-III_DESC,,0,Icon_weapon_VSS,Icon_slot_VSS,INGAME_WEAPON_VSS,INGAME_WEAPON_VSS,INGAME_PICKUP_VSS_GOLDGUN,SOUND_ACTION_PICKUP_WEAPON,0,1,0,1,0,125,211,1,0,0,4
126,T_32_U_GOLD_M14_II,T_32_U_GOLD_M14-II_DESC,,0,Icon_weapon_M14,Icon_slot_M14,INGAME_WEAPON_M14,INGAME_WEAPON_M14,INGAME_PICKUP_M14_GOLDGUN,SOUND_ACTION_PICKUP_WEAPON,0,1,0,1,0,126,209,1,0,0,2
127,T_32_U_GOLD_M14_III,T_32_U_GOLD_M14-III_DESC,,0,Icon_weapon_M14,Icon_slot_M14,INGAME_WEAPON_M14,INGAME_WEAPON_M14,INGAME_PICKUP_M14_GOLDGUN,SOUND_ACTION_PICKUP_WEAPON,0,1,0,1,0,127,209,1,0,0,4
128,T_32_U_GOLD_KAR98K_II,T_32_U_GOLD_KAR98K-II_DESC,,0,Icon_weapon_Kar98k,Icon_slot_Kar98k,INGAME_WEAPON_Kar98k,INGAME_WEAPON_Kar98k,INGAME_PICKUP_KAR98K_GOLDGUN,SOUND_ACTION_PICKUP_WEAPON,0,1,0,1,0,128,219,1,0,0,2
129,T_32_U_GOLD_KAR98K_III,T_32_U_GOLD_KAR98K-III_DESC,,0,Icon_weapon_Kar98k,Icon_slot_Kar98k,INGAME_WEAPON_Kar98k,INGAME_WEAPON_Kar98k,INGAME_PICKUP_KAR98K_GOLDGUN,SOUND_ACTION_PICKUP_WEAPON,0,1,0,1,0,129,219,1,0,0,4
130,T_32_U_GOLD_FAMAS-II,T_32_U_GOLD_FAMAS-II_DESC,Preview_FAMAS,1,Icon_weapon_Famas,Icon_slot_Famas,INGAME_WEAPON_FAMAS,INGAME_WEAPON_FAMAS,INGAME_PICKUP_FAMAS_GOLDGUN,SOUND_ACTION_PICKUP_WEAPON,0,1,0,1,0,130,222,1,0,0,2
131,T_32_U_GOLD_FAMAS-III,T_32_U_GOLD_FAMAS-III_DESC,Preview_FAMAS,1,Icon_weapon_Famas,Icon_slot_Famas,INGAME_WEAPON_FAMAS,INGAME_WEAPON_FAMAS,INGAME_PICKUP_FAMAS_GOLDGUN,SOUND_ACTION_PICKUP_WEAPON,0,1,0,1,0,131,222,1,0,0,4
132,T_32_U_GOLD_HEATGUN_II,T_32_U_GOLD_HEATGUN-II_DESC,,0,Icon_weapon_Superheat,Icon_slot_Superheat,INGAME_WEAPON_HEAT_GUN,INGAME_WEAPON_HEAT_GUN,INGAME_PICKUP_SUPERHEAT_GOLDGUN,SOUND_ACTION_PICKUP_WEAPON,0,1,0,1,0,132,238,1,0,0,1
133,T_32_U_GOLD_HEATGUN_III,T_32_U_GOLD_HEATGUN-III_DESC,,0,Icon_weapon_Superheat,Icon_slot_Superheat,INGAME_WEAPON_HEAT_GUN,INGAME_WEAPON_HEAT_GUN,INGAME_PICKUP_SUPERHEAT_GOLDGUN,SOUND_ACTION_PICKUP_WEAPON,0,1,0,1,0,133,238,1,0,0,3
201,TXT_ITEM_ARAMMO,TXT_ITEM_DESC_ARAMMO,,0,Icon_ammo_AR,Icon_ammo_AR,,,INGAME_PICKUP_AMMO_AR,SOUND_ACTION_PICKUP_AMMO,1,1,1,30,1,201,0,1,0,0,0
202,TXT_ITEM_HGAMMO,TXT_ITEM_DESC_HGAMMO,,0,Icon_ammo_45ACP,Icon_ammo_45ACP,,,INGAME_PICKUP_AMMO_HG,SOUND_ACTION_PICKUP_AMMO,1,1,1,30,1,202,0,1,0,0,0
203,TXT_ITEM_SNAMMO,TXT_ITEM_DESC_SNAMMO,,0,Icon_ammo_SNP,Icon_ammo_SNP,,,INGAME_PICKUP_AMMO_SNG,SOUND_ACTION_PICKUP_AMMO,1,1,1,20,2,203,0,1,0,0,0
204,TXT_ITEM_SGAMMO,TXT_ITEM_DESC_SGAMMO,,0,Icon_ammo_SG,Icon_ammo_SG,,,INGAME_PICKUP_AMMO_SG,SOUND_ACTION_PICKUP_AMMO,1,1,1,20,2,204,0,1,0,0,0
205,TXT_ITEM_SMGAMMO,TXT_ITEM_DESC_SMGAMMO,,0,Icon_ammo_SMG,Icon_ammo_SMG,,,INGAME_PICKUP_AMMO_SMG,SOUND_ACTION_PICKUP_AMMO,1,1,1,30,1,205,0,1,0,0,0
206,TXT_ITEM_BOWAMMO,TXT_ITEM_DESC_BOWAMMO,,0,Icon_ammo_BOW,Icon_ammo_BOW,,,INGAME_PICKUP_AMMO_BOW,SOUND_ACTION_PICKUP_AMMO,1,1,1,10,2,206,0,1,0,0,0
207,TXT_ITEM_LANUNCHERAMMO,TXT_ITEM_DESC_LANUNCHERAMMO,,0,Icon_ammo_LANUNCHER,Icon_ammo_LANUNCHER,,,INGAME_PICKUP_AMMO_LANUNCHER,SOUND_ACTION_PICKUP_AMMO,1,1,1,2,10,207,0,1,0,0,0
208,T_32_JL_HEATGUN_AMMO_N,TXT_ITEM_DESC_HGAMMO,,0,Icon_ammo_45ACP,Icon_ammo_45ACP,,,INGAME_PICKUP_AMMO_HG,SOUND_ACTION_PICKUP_AMMO,1,1,1,30,1,208,0,1,0,0,0
209,T_16_B_ITEM_GRAPPLINGHOOK,T_16_B_ITEM_DESC_GRAPPLINGHOOK,,0,Icon_ammo_GrapplingHookGun_Bullet,Icon_ammo_GrapplingHookGun_Bullet,,,INGAME_PICKUP_AMMO_GRAPPLINGHOOKGUN,SOUND_ACTION_PICKUP_AMMO,1,1,1,10,1,209,0,1,0,0,0
210,TXT_ITEM_GATLINGAMMO,TXT_ITEM_GATLINGAMMO,,0,Icon_ammo_AR,Icon_ammo_AR,,,INGAME_PICKUP_AMMO_AR,SOUND_ACTION_PICKUP_AMMO,1,1,1,30,1,210,0,1,0,0,0
211,T_32_JL_HEATGUN_AMMO_N,,,0,,,,,,SOUND_ACTION_PICKUP_AMMO,1,1,0,1,0,211,0,0,0,0,0
212,ice_gun_ammo,,,0,,,,,,SOUND_ACTION_PICKUP_AMMO,1,1,0,1,0,212,0,0,0,0,0
213,T_20_C_INHALER_NAME,T_20_C_INHALER_DESC,,0,Icon_weapon_INHALER,Icon_weapon_INHALER,,,INGAME_PICKUP_INHALER,SOUND_ACTION_PICKUP_GAMEITEM,1,1,1,5,1,213,0,1,0,0,0.4
214,FLAMETHROWER_AMMO,,,0,,,,,,SOUND_ACTION_PICKUP_AMMO,1,1,0,1,0,214,0,0,0,0,0
215,T_32_JL_HEATGUN_AMMO_N,TXT_ITEM_DESC_HGAMMO,,0,Icon_ammo_45ACP,Icon_ammo_45ACP,,,INGAME_PICKUP_AMMO_HG,SOUND_ACTION_PICKUP_AMMO,1,1,1,30,1,215,0,1,0,0,0
216,T_32_JL_HEATGUN_AMMO_N,TXT_ITEM_DESC_HGAMMO,,0,Icon_ammo_45ACP,Icon_ammo_45ACP,,,INGAME_PICKUP_AMMO_HG,SOUND_ACTION_PICKUP_AMMO,1,1,1,30,1,216,0,1,0,0,0
301,TXT_ITEM_VEST1,TXT_ITEM_DESC_VEST1,,0,Icon_equipment_Vest_01,Icon_equipment_Vest_01,,,INGAME_PICKUP_ARMOR_1,SOUND_ACTION_PICKUP_GAMEITEM,4,2,0,1,0,1,101,1,0,0,3
302,TXT_ITEM_VEST2,TXT_ITEM_DESC_VEST2,,0,Icon_equipment_Vest_02,Icon_equipment_Vest_02,,,INGAME_PICKUP_ARMOR_2,SOUND_ACTION_PICKUP_GAMEITEM,4,3,0,1,0,2,102,1,0,0,7
303,TXT_ITEM_VEST3,TXT_ITEM_DESC_VEST3,,0,Icon_equipment_Vest_03,Icon_equipment_Vest_03,,,INGAME_PICKUP_ARMOR_3,SOUND_ACTION_PICKUP_GAMEITEM,4,4,0,1,0,3,103,1,0,0,12
304,TXT_ITEM_HELMET1,TXT_ITEM_DESC_HELMET1,,0,Icon_equipment_MilitaryHelmet_01,Icon_equipment_MilitaryHelmet_01,,,INGAME_PICKUP_HELMET_1,SOUND_ACTION_PICKUP_GAMEITEM,2,2,0,1,0,4,104,1,0,0,3
305,TXT_ITEM_HELMET2,TXT_ITEM_DESC_HELMET2,,0,Icon_equipment_MilitaryHelmet_02,Icon_equipment_MilitaryHelmet_02,,,INGAME_PICKUP_HELMET_2,SOUND_ACTION_PICKUP_GAMEITEM,2,3,0,1,0,5,105,1,0,0,5
306,TXT_ITEM_HELMET3,TXT_ITEM_DESC_HELMET3,,0,Icon_equipment_MilitaryHelmet_03,Icon_equipment_MilitaryHelmet_03,,,INGAME_PICKUP_HELMET_3,SOUND_ACTION_PICKUP_GAMEITEM,2,4,0,1,0,6,106,1,0,0,10
307,TXT_ITEM_VEST0,TXT_ITEM_DESC_VEST0,,0,Icon_equipment_Vest_00,Icon_equipment_Vest_00,,,INGAME_PICKUP_ARMOR_0,SOUND_ACTION_PICKUP_GAMEITEM,4,1,0,1,0,10,110,1,0,0,0
308,TXT_ITEM_HELMET0,TXT_ITEM_DESC_HELMET0,,0,Icon_equipment_MilitaryHelmet_00,Icon_equipment_MilitaryHelmet_00,,,INGAME_PICKUP_HELMET_0,SOUND_ACTION_PICKUP_GAMEITEM,2,1,0,1,0,11,111,1,0,0,0
309,T_12_Q_ITEM_VEST4,T_12_Q_ITEM_DESC_VEST4,,0,Icon_equipment_Vest_04,Icon_equipment_Vest_04,,,INGAME_PICKUP_ARMOR_5,SOUND_ACTION_PICKUP_GAMEITEM,4,5,0,1,0,13,113,1,0,0,20
310,T_17_Q_PROTECTHELMET,T_17_Q_PROTECTHELMET_DESC,,0,Icon_equipment_MilitaryHelmet_04,Icon_equipment_MilitaryHelmet_04,,,INGAME_PICKUP_HELMET_4,SOUND_ACTION_PICKUP_GAMEITEM,2,5,0,1,0,17,116,1,0,0,14
311,TXT_ITEM_VEST1,T_13_S_ITEM_DESC_VEST1_PVE,,0,Icon_equipment_Vest_01,Icon_equipment_Vest_01,,,INGAME_PICKUP_ARMOR_1,SOUND_ACTION_PICKUP_GAMEITEM,4,2,0,1,0,14,101,1,0,0,0
312,TXT_ITEM_VEST2,T_13_S_ITEM_DESC_VEST2_PVE,,0,Icon_equipment_Vest_02,Icon_equipment_Vest_02,,,INGAME_PICKUP_ARMOR_2,SOUND_ACTION_PICKUP_GAMEITEM,4,3,0,1,0,15,102,1,0,0,0
313,TXT_ITEM_VEST3,T_13_S_ITEM_DESC_VEST3_PVE,,0,Icon_equipment_Vest_03,Icon_equipment_Vest_03,,,INGAME_PICKUP_ARMOR_3,SOUND_ACTION_PICKUP_GAMEITEM,4,4,0,1,0,16,103,1,0,0,0
314,TXT_ITEM_HELMET1,TXT_ITEM_DESC_HELMET1,,0,Icon_avatar_hair_cos_bighead_LV1,Icon_avatar_hair_cos_bighead_LV1,,,INGAME_PICKUP_HELMET_BIGHEAD_1,SOUND_ACTION_PICKUP_GAMEITEM,2,2,0,1,0,4,239,1,0,0,0
315,TXT_ITEM_HELMET2,TXT_ITEM_DESC_HELMET2,,0,Icon_avatar_hair_cos_bighead_LV2,Icon_avatar_hair_cos_bighead_LV2,,,INGAME_PICKUP_HELMET_BIGHEAD_2,SOUND_ACTION_PICKUP_GAMEITEM,2,3,0,1,0,5,240,1,0,0,0
316,TXT_ITEM_HELMET3,TXT_ITEM_DESC_HELMET3,,0,Icon_avatar_hair_cos_bighead_LV3,Icon_avatar_hair_cos_bighead_LV3,,,INGAME_PICKUP_HELMET_BIGHEAD_3,SOUND_ACTION_PICKUP_GAMEITEM,2,4,0,1,0,6,241,1,0,0,0
401,TXT_ITEM_BAG1,TXT_ITEM_DESC_BAG1,,0,Icon_equipment_Back_E_01,Icon_equipment_Back_E_01,,,INGAME_PICKUP_BAG_1,SOUND_ACTION_PICKUP_GAMEITEM,3,2,0,1,0,7,107,1,0,0,5
402,TXT_ITEM_BAG2,TXT_ITEM_DESC_BAG2,,0,Icon_equipment_Back_E_02,Icon_equipment_Back_E_02,,,INGAME_PICKUP_BAG_2,SOUND_ACTION_PICKUP_GAMEITEM,3,3,0,1,0,8,108,1,0,0,7
403,TXT_ITEM_BAG3,TXT_ITEM_DESC_BAG3,,0,Icon_equipment_Back_E_03,Icon_equipment_Back_E_03,,,INGAME_PICKUP_BAG_3,SOUND_ACTION_PICKUP_GAMEITEM,3,4,0,1,0,9,109,1,0,0,12
404,TXT_ITEM_BAG0,TXT_ITEM_DESC_BAG0,,0,Icon_equipment_Back_E_0,Icon_equipment_Back_E_0,,,,SOUND_ACTION_PICKUP_GAMEITEM,5,1,0,1,0,12,112,0,0,0,0
501,TXT_ITEM_MUZZLE1,TXT_ITEM_DESC_MUZZLE1,,0,Icon_Muzzle_01,Icon_Muzzle_01,,,INGAME_PICKUP_MUZZLE_1,SOUND_ACTION_PICKUP_GAMEITEM,6,1,1,1,5,501,0,1,0,0,1
502,TXT_ITEM_MUZZLE2,TXT_ITEM_DESC_MUZZLE2,,0,Icon_Muzzle_02,Icon_Muzzle_02,,,INGAME_PICKUP_MUZZLE_2,SOUND_ACTION_PICKUP_GAMEITEM,6,2,1,1,5,502,0,1,0,0,1.8
503,TXT_ITEM_MUZZLE3,TXT_ITEM_DESC_MUZZLE3,,0,Icon_Muzzle_03,Icon_Muzzle_03,,,INGAME_PICKUP_MUZZLE_3,SOUND_ACTION_PICKUP_GAMEITEM,6,3,1,1,5,503,0,1,0,0,2.5
504,TXT_ITEM_SILENCER1,TXT_ITEM_DESC_SILENCER1,,0,Icon_Silencer_01,Icon_Silencer_01,,,INGAME_PICKUP_SILENCER_1,SOUND_ACTION_PICKUP_GAMEITEM,6,0,1,1,5,504,0,1,0,0,2.5
505,T_29_YF_MUZZLE_CRASH_N,T_29_YF_MUZZLE_CRASH_D,,0,Icon_Muzzle_Attack,Icon_Muzzle_Attack,,,INGAME_PICKUP_MUZZLE_Attackmuzzle,SOUND_ACTION_PICKUP_GAMEITEM,6,0,1,1,5,505,0,1,0,0,2.5
506,T_29_YF_MUZZLE_WIDE_N,T_29_YF_MUZZLE_WIDE_D,,0,Icon_Muzzle_Widemuzzle,Icon_Muzzle_Widemuzzle,,,INGAME_PICKUP_MUZZLE_Widemuzzle,SOUND_ACTION_PICKUP_GAMEITEM,6,0,1,1,5,506,0,1,0,0,2.5
511,TXT_ITEM_MAGEZINE1,TXT_ITEM_DESC_MAGEZINE1,,0,Icon_Magazine_01,Icon_Magazine_01,,,INGAME_PICKUP_MAGAZINE_1,SOUND_ACTION_PICKUP_GAMEITEM,6,1,1,1,5,511,0,1,0,0,1
512,TXT_ITEM_MAGEZINE2,TXT_ITEM_DESC_MAGEZINE2,,0,Icon_Magazine_02,Icon_Magazine_02,,,INGAME_PICKUP_MAGAZINE_2,SOUND_ACTION_PICKUP_GAMEITEM,6,2,1,1,5,512,0,1,0,0,1.8
513,TXT_ITEM_MAGEZINE3,TXT_ITEM_DESC_MAGEZINE3,,0,Icon_Magazine_03,Icon_Magazine_03,,,INGAME_PICKUP_MAGAZINE_3,SOUND_ACTION_PICKUP_GAMEITEM,6,3,1,1,5,513,0,1,0,0,2.5
514,TXT_ITEM_MAGEZINE3,TXT_ITEM_DESC_MAGEZINE3,,0,Icon_Magazine_03,Icon_Magazine_03,,,INGAME_PICKUP_MAGAZINE_3,SOUND_ACTION_PICKUP_GAMEITEM,6,1,1,1,5,514,0,1,0,0,0
515,TXT_ITEM_MAGEZINE3,TXT_ITEM_DESC_MAGEZINE3,,0,Icon_Magazine_03,Icon_Magazine_03,,,INGAME_PICKUP_MAGAZINE_3,SOUND_ACTION_PICKUP_GAMEITEM,6,2,1,1,5,515,0,1,0,0,0
516,T_19_U_DOUBLEMAGEZINE_ATTACHMENT_NAME,T_19_U_DOUBLEMAGEZINE_ATTACHMENT_DESC,,0,Icon_Magazine_Double,Icon_Magazine_Double,,,INGAME_PICKUP_DOUBLEMAGAZINE,SOUND_ACTION_PICKUP_GAMEITEM,6,0,1,1,5,516,0,1,0,0,2.5
517,T_29_YF_MAGEZINE_CHAIN_N,T_29_YF_MAGEZINE_CHAIN_D,,0,Icon_Magazine_Chainmagezine,Icon_Magazine_Chainmagezine,,,INGAME_PICKUP_MAGAZINE_Chainmagezine,SOUND_ACTION_PICKUP_GAMEITEM,6,0,1,1,5,517,0,1,0,0,2.5
521,TXT_ITEM_FOREGRIP1,TXT_ITEM_DESC_FOREGRIP1,,0,Icon_Foregrip_01,Icon_Foregrip_01,,,INGAME_PICKUP_FOREGRIP_1,SOUND_ACTION_PICKUP_GAMEITEM,6,1,1,1,5,521,0,1,0,0,1
522,TXT_ITEM_FOREGRIP2,TXT_ITEM_DESC_FOREGRIP2,,0,Icon_Foregrip_02,Icon_Foregrip_02,,,INGAME_PICKUP_FOREGRIP_2,SOUND_ACTION_PICKUP_GAMEITEM,6,2,1,1,5,522,0,1,0,0,1.8
523,TXT_ITEM_FOREGRIP3,TXT_ITEM_DESC_FOREGRIP3,,0,Icon_Foregrip_03,Icon_Foregrip_03,,,INGAME_PICKUP_FOREGRIP_3,SOUND_ACTION_PICKUP_GAMEITEM,6,3,1,1,5,523,0,1,0,0,2.5
524,TXT_OB10_HQW_ITEM_BIPOD,TXT_OB10_HQW_ITEM_DESC_BIPOD,,0,Icon_Bipod_01,Icon_Bipod_01,,,INGAME_PICKUP_BIPOD_1,SOUND_ACTION_PICKUP_GAMEITEM,6,0,1,1,5,524,0,1,0,0,0
532,TXT_ITEM_SIGHT_RED_DOT,TXT_ITEM_DESC_SIGHT_RED_DOT,,0,Icon_Gunsight_02,Icon_Gunsight_02,,,INGAME_PICKUP_SCOPE_1,SOUND_ACTION_PICKUP_GAMEITEM,6,3,1,1,5,532,0,1,0,0,0
533,TXT_ITEM_SIGHT_HOLOGRAPHIC,TXT_ITEM_DESC_SIGHT_HOLOGRAPHIC,,0,Icon_Gunsight_03,Icon_Gunsight_03,,,INGAME_PICKUP_SCOPE_1,SOUND_ACTION_PICKUP_GAMEITEM,6,3,1,1,5,533,0,1,0,0,0
534,TXT_ITEM_SIGHT2,TXT_ITEM_DESC_SIGHT2,,0,Icon_Gunsight_04,Icon_Gunsight_04,,,INGAME_PICKUP_SCOPE_1,SOUND_ACTION_PICKUP_GAMEITEM,6,3,1,1,5,534,0,1,0,0,0
535,TXT_ITEM_SIGHT4,TXT_ITEM_DESC_SIGHT4,,0,Icon_Gunsight_05,Icon_Gunsight_05,,,INGAME_PICKUP_SCOPE_2,SOUND_ACTION_PICKUP_GAMEITEM,6,3,1,1,5,535,0,1,0,0,0
536,TXT_ITEM_SIGHT8,TXT_ITEM_DESC_SIGHT8,,0,Icon_Gunsight_06,Icon_Gunsight_06,,,INGAME_PICKUP_SCOPE_3,SOUND_ACTION_PICKUP_GAMEITEM,6,3,1,1,5,536,0,1,0,0,0
537,TXT_ITEM_HEATSIGHT,TXT_ITEM_DESC_HEATSIGHT,,0,Icon_Gunsight_07,Icon_Gunsight_07,,,INGAME_PICKUP_SCOPE_HEAT,SOUND_ACTION_PICKUP_GAMEITEM,6,0,1,1,5,537,0,1,0,0,0
541,T_12_Q_ITEM_STOCK1,T_12_Q_ITEM_DESC_STOCK1,,0,Icon_Stock_01,Icon_Stock_01,,,INGAME_PICKUP_STOCK_1,SOUND_ACTION_PICKUP_GAMEITEM,6,1,1,1,5,541,0,1,0,0,1
542,T_12_Q_ITEM_STOCK2,T_12_Q_ITEM_DESC_STOCK2,,0,Icon_Stock_02,Icon_Stock_02,,,INGAME_PICKUP_STOCK_2,SOUND_ACTION_PICKUP_GAMEITEM,6,2,1,1,5,542,0,1,0,0,1.8
543,T_12_Q_ITEM_STOCK3,T_12_Q_ITEM_DESC_STOCK3,,0,Icon_Stock_03,Icon_Stock_03,,,INGAME_PICKUP_STOCK_3,SOUND_ACTION_PICKUP_GAMEITEM,6,3,1,1,5,543,0,1,0,0,2.5
5501,T_18_U_GOLD_MP5_ATTACHMENT_NAME,T_18_U_GOLD_MP5_ATTACHMENT_DESC,,0,Icon_GoldMP5,Icon_GoldMP5,,,INGAME_PICKUP_GOLDMP5,SOUND_ACTION_PICKUP_GAMEITEM,6,0,1,1,5,5501,0,1,0,0,0
5503,T_18_U_GOLD_M60_ATTACHMENT_NAME,T_18_U_GOLD_M60_ATTACHMENT_DESC,,0,Icon_GoldM60,Icon_GoldM60,,,INGAME_PICKUP_GOLDM60,SOUND_ACTION_PICKUP_GAMEITEM,6,0,1,1,5,5503,0,1,0,0,0
5504,T_19_U_GOLD_VSS_ATTACHMENT_NAME,T_19_U_GOLD_VSS_ATTACHMENT_DESC,,0,Icon_GoldVSS,Icon_GoldVSS,,,INGAME_PICKUP_GOLDVSS,SOUND_ACTION_PICKUP_GAMEITEM,6,0,1,1,5,5504,0,1,0,0,0
5505,T_19_U_GOLD_M14_ATTACHMENT_NAME,T_19_U_GOLD_M14_ATTACHMENT_DESC,,0,Icon_GoldM14,Icon_GoldM14,,,INGAME_PICKUP_GOLDM14,SOUND_ACTION_PICKUP_GAMEITEM,6,0,1,1,5,5505,0,1,0,0,0
5506,T_19_U_GOLD_KAR98K_ATTACHMENT_NAME,T_19_U_GOLD_KAR98K_ATTACHMENT_DESC,,0,Icon_GoldKar98K,Icon_GoldKar98K,,,INGAME_PICKUP_GOLDKAR98K,SOUND_ACTION_PICKUP_GAMEITEM,6,0,1,1,5,5506,0,1,0,0,0
5507,T_20_U_GOLD_HEATGUN_NAME,T_20_U_GOLD_HEATGUN_DESC,,0,Icon_Goldheat,Icon_Goldheat,,,INGAME_PICKUP_GOLDHEAT,SOUND_ACTION_PICKUP_GAMEITEM,6,0,1,1,5,5507,0,1,0,0,0
5508,T_20_U_GOLD_AWM_NAME,T_20_U_GOLD_AWM_DESC,,0,Icon_GoldAWM,Icon_GoldAWM,,,INGAME_PICKUP_GOLDAWM,SOUND_ACTION_PICKUP_GAMEITEM,6,0,1,1,5,5508,0,1,0,0,0
5511,T_18_U_GOLD_MP5_ATTACHMENT_NAME,T_18_U_GOLD_MP5_ATTACHMENT_DESC,,0,Icon_GoldMP5,Icon_GoldMP5,,,INGAME_PICKUP_GOLDMP5,SOUND_ACTION_PICKUP_GAMEITEM,6,0,1,1,5,5511,0,1,0,0,0
5513,T_18_U_GOLD_M60_ATTACHMENT_NAME,T_18_U_GOLD_M60_ATTACHMENT_DESC,,0,Icon_GoldM60,Icon_GoldM60,,,INGAME_PICKUP_GOLDM60,SOUND_ACTION_PICKUP_GAMEITEM,6,0,1,1,5,5513,0,1,0,0,0
5514,T_19_U_GOLD_VSS_ATTACHMENT_NAME,T_19_U_GOLD_VSS_ATTACHMENT_DESC,,0,Icon_GoldVSS,Icon_GoldVSS,,,INGAME_PICKUP_GOLDVSS,SOUND_ACTION_PICKUP_GAMEITEM,6,0,1,1,5,5514,0,1,0,0,0
5515,T_19_U_GOLD_M14_ATTACHMENT_NAME,T_19_U_GOLD_M14_ATTACHMENT_DESC,,0,Icon_GoldM14,Icon_GoldM14,,,INGAME_PICKUP_GOLDM14,SOUND_ACTION_PICKUP_GAMEITEM,6,0,1,1,5,5515,0,1,0,0,0
5516,T_19_U_GOLD_KAR98K_ATTACHMENT_NAME,T_19_U_GOLD_KAR98K_ATTACHMENT_DESC,,0,Icon_GoldKar98K,Icon_GoldKar98K,,,INGAME_PICKUP_GOLDKAR98K,SOUND_ACTION_PICKUP_GAMEITEM,6,0,1,1,5,5516,0,1,0,0,0
5517,T_20_U_GOLD_HEATGUN_NAME,T_20_U_GOLD_HEATGUN_DESC,,0,Icon_Goldheat,Icon_Goldheat,,,INGAME_PICKUP_GOLDHEAT,SOUND_ACTION_PICKUP_GAMEITEM,6,0,1,1,5,5517,0,1,0,0,0
5518,T_20_U_GOLD_AWM_NAME,T_20_U_GOLD_AWM_DESC,,0,Icon_GoldAWM,Icon_GoldAWM,,,INGAME_PICKUP_GOLDAWM,SOUND_ACTION_PICKUP_GAMEITEM,6,0,1,1,5,5518,0,1,0,0,0
5519,T_26_U_GOLD_FAMAS_NAME,T_26_U_GOLD_FAMAS_DESC,,0,Icon_GoldAWM,Icon_GoldAWM,,,INGAME_PICKUP_GOLDAWM,SOUND_ACTION_PICKUP_GAMEITEM,6,0,1,1,5,5519,0,1,0,0,0
5520,T_29_YF_GUNCHIP_M4_N,T_29_YF_GUNCHIP_M4_D,,0,Icon_Strengthen_Gunchip,Icon_Strengthen_Gunchip,,,INGAME_ITEM_Gold_M4A1_Attachment,SOUND_ACTION_PICKUP_GAMEITEM,6,0,1,1,5,5520,0,1,1,0,0
5521,T_29_YF_GUNCHIP_M4_N,T_29_YF_GUNCHIP_M4_D,,0,Icon_Strengthen_Gunchip,Icon_Strengthen_Gunchip,,,INGAME_ITEM_Gold_M4A1_Attachment,SOUND_ACTION_PICKUP_GAMEITEM,6,0,1,1,5,5521,0,1,1,0,0
5522,T_29_YF_GUNCHIP_M4_N,T_29_YF_GUNCHIP_M4_D,,0,Icon_Strengthen_Gunchip,Icon_Strengthen_Gunchip,,,INGAME_ITEM_Gold_M4A1_Attachment,SOUND_ACTION_PICKUP_GAMEITEM,6,0,1,1,5,5522,0,1,1,0,0
5523,T_18_U_GOLD_M60_ATTACHMENT_NAME,T_18_U_GOLD_M60_ATTACHMENT_DESC,,0,Icon_GoldM60,Icon_GoldM60,,,INGAME_PICKUP_GOLDM60,SOUND_ACTION_PICKUP_GAMEITEM,6,0,1,1,5,5523,0,1,0,0,0
5524,T_18_U_GOLD_M60_ATTACHMENT_NAME,T_18_U_GOLD_M60_ATTACHMENT_DESC,,0,Icon_GoldM60,Icon_GoldM60,,,INGAME_PICKUP_GOLDM60,SOUND_ACTION_PICKUP_GAMEITEM,6,0,1,1,5,5524,0,1,0,0,0
5525,T_32_YF_GOLD_GROZA_ATTACHMENT_N,T_32_YF_GOLD_GROZA_ATTACHMENT_D,,0,Icon_GoldAWM,Icon_GoldAWM,,,INGAME_PICKUP_GOLDAWM,SOUND_ACTION_PICKUP_GAMEITEM,6,0,1,1,5,5525,0,1,1,0,0
5526,T_32_YF_GOLD_M249_ATTACHMENT_N,T_32_YF_GOLD_M249_ATTACHMENT_D,,0,Icon_GoldMP5,Icon_GoldMP5,,,INGAME_PICKUP_GOLDMP5,SOUND_ACTION_PICKUP_GAMEITEM,6,0,1,1,5,5526,0,1,1,0,0
5527,T_32_YF_GOLD_SVD_ATTACHMENT_N,T_32_YF_GOLD_SVD_ATTACHMENT_D,,0,Icon_GoldVSS,Icon_GoldVSS,,,INGAME_PICKUP_GOLDVSS,SOUND_ACTION_PICKUP_GAMEITEM,6,0,1,1,5,5527,0,1,1,0,0
5601,T_30_U_ATTACHMENT_1,T_30_U_ATTACHMENT_1_D,,0,Icon_Attachment_Equip_1,Icon_Attachment_Equip_1,,,INGAME_PICKUP_ATTCAH_EQUIP_1,SOUND_ACTION_PICKUP_GAMEITEM,39,0,1,1,5,5601,0,1,0,0,1
5602,T_30_U_ATTACHMENT_2,T_30_U_ATTACHMENT_2_D,,0,Icon_Attachment_Equip_2,Icon_Attachment_Equip_2,,,INGAME_PICKUP_ATTCAH_EQUIP_2,SOUND_ACTION_PICKUP_GAMEITEM,39,0,1,1,5,5602,0,1,0,0,1
5603,T_30_U_ATTACHMENT_3,T_30_U_ATTACHMENT_3_D,,0,Icon_Attachment_Equip_6,Icon_Attachment_Equip_6,,,INGAME_PICKUP_ATTCAH_EQUIP_3,SOUND_ACTION_PICKUP_GAMEITEM,39,0,1,1,5,5603,0,1,0,0,2
5604,T_30_U_ATTACHMENT_4,T_30_U_ATTACHMENT_4_D,,0,Icon_Attachment_Equip_3,Icon_Attachment_Equip_3,,,INGAME_PICKUP_ATTCAH_EQUIP_4,SOUND_ACTION_PICKUP_GAMEITEM,39,0,1,1,5,5604,0,1,0,0,3
5605,T_30_U_ATTACHMENT_5,T_30_U_ATTACHMENT_5_D,,0,Icon_Attachment_Equip_7,Icon_Attachment_Equip_7,,,INGAME_PICKUP_ATTCAH_EQUIP_5,SOUND_ACTION_PICKUP_GAMEITEM,39,0,1,1,5,5605,0,1,0,0,1
5606,T_30_U_ATTACHMENT_6,T_30_U_ATTACHMENT_6_D,,0,Icon_Attachment_Equip_5,Icon_Attachment_Equip_5,,,INGAME_PICKUP_ATTCAH_EQUIP_6,SOUND_ACTION_PICKUP_GAMEITEM,39,0,1,1,5,5606,0,1,0,0,1
5607,T_32_U_ATTACHMENT_8,T_32_U_ATTACHMENT_8_D,,0,Icon_Attachment_Equip_4,Icon_Attachment_Equip_4,,,INGAME_PICKUP_ATTCAH_EQUIP_7,SOUND_ACTION_PICKUP_GAMEITEM,39,0,1,1,5,5607,0,1,0,0,1
5608,T_31_RW_ATTACHMENT_PLUS1,T_31_RW_ATTACHMENT_PLUS1_D,,0,Icon_Attachment_Equip_1,Icon_Attachment_Equip_1,,,INGAME_PICKUP_ATTCAH_EQUIP_1,SOUND_ACTION_PICKUP_GAMEITEM,39,0,1,1,5,5608,0,1,0,0,1
5609,T_31_RW_ATTACHMENT_PLUS2,T_31_RW_ATTACHMENT_PLUS2_D,,0,Icon_Attachment_Equip_6,Icon_Attachment_Equip_6,,,INGAME_PICKUP_ATTCAH_EQUIP_3,SOUND_ACTION_PICKUP_GAMEITEM,39,0,1,1,5,5609,0,1,0,0,1
601,TXT_ITEM_GRENADE,TXT_ITEM_DESC_GRENADE,Preview_Grenade,1,Icon_weapon_Grenade,Icon_slot_Grenade,INGAME_ITEM_GRENADE,INGAME_ITEM_GRENADE,INGAME_PICKUP_GRENADE,SOUND_ACTION_PICKUP_GAMEITEM,8,1,1,1,3,601,0,1,0,0,0.6
602,TXT_ITEM_FLASH,TXT_ITEM_DESC_FLASH,,0,Icon_EW_Flash,Icon_slot_EW_Flash,INGAME_ITEM_FLASH,INGAME_ITEM_FLASH,INGAME_PICKUP_FLASH,SOUND_ACTION_PICKUP_GAMEITEM,8,1,1,1,3,602,0,1,0,0,0
606,T_26_V_TRAINING_DICE,T_26_V_TRAINING_DICE_DESC,,0,Icon_Ingame_dice,Icon_Ingame_dice,INGAME_ITEM_DICE,INGAME_ITEM_DICE,INGAME_ITEM_DICE,,8,1,1,1,0,606,0,1,0,0,0
603,T_21_B_SMOKEGRENADE_NAME,T_21_B_SMOKEGRENADE_DESC,Preview_SmokeGrenade,1,Icon_weapon_Grenade_Smoke,Icon_weapon_Grenade_Smoke,INGAME_ITEM_SMOKEGRENADE,INGAME_ITEM_SMOKEGRENADE,INGAME_PICKUP_SMOKEGRENADE,SOUND_ACTION_PICKUP_GAMEITEM,8,1,1,1,1,603,0,1,0,1,0.3
604,T_16_V_ITEM_WATERBALL,,,0,,,INGAME_ITEM_WATERBALL,INGAME_ITEM_WATERBALL,,,8,1,1,1,1,604,0,1,0,0,0
605,TXT_ITEM_GRENADE,TXT_ITEM_DESC_GRENADE,,0,Icon_weapon_Grenade,Icon_slot_Grenade,INGAME_ITEM_GRENADE,INGAME_ITEM_GRENADE,INGAME_PICKUP_GRENADE,,8,1,1,1,3,605,0,1,0,0,0
607,T_26_U_MAGNETICFIELD_N,T_26_U_MAGNETICFIELD_D,,0,Icon_weapon_Grenade_MagneticField,Icon_slot_MagneticField,INGAME_ITEM_GRENADEKILLER,INGAME_ITEM_GRENADEKILLER,INGAME_PICKUP_GRENADEKILLER,SOUND_ACTION_PICKUP_GAMEITEM,34,1,1,1,3,607,0,1,0,0,0
608,T_28_C_G_ICE_NAME,T_28_C_G_ICE_DEC,,0,Icon_Ice_Grenade,Icon_slot_Ice_Grenade,INGAME_ITEM_ICE_GRENADE,INGAME_ITEM_ICE_GRENADE,INGAME_PICKUP_ICE_GRENADE,SOUND_ACTION_PICKUP_GAMEITEM,8,1,1,1,3,608,0,1,0,1,0
609,T_26_V_TRAINING_DICE,T_26_V_TRAINING_DICE_DESC,,0,UI_Party_icon_Dice_Model,UI_Party_icon_Dice_Model,INGAME_BigToyBall_Party_Handle,INGAME_BigToyBall_Party_Handle,INGAME_BigToyBall_Party_Handle,,8,1,1,1,3,609,0,1,0,0,0
610,T_30_AD_TRAINING_SNOWBALL,T_30_AD_TRAINING_SNOWBALL_DES,,,Icon_slot_Snowball,Icon_slot_Snowball,INGAME_ITEM_SNOWBALL,INGAME_ITEM_SNOWBALL,INGAME_ITEM_SNOWBALL,SOUND_ACTION_PICKUP_GAMEITEM,8,1,1,1,0,610,0,1,0,0,0
611,T_31_C_CANNON,T_31_C_CANNON,Preview_Grenade,1,Icon_slot_Grenade,Icon_slot_Grenade,INGAME_ITEM_GRENADE,INGAME_ITEM_GRENADE,INGAME_PICKUP_GRENADE,SOUND_ACTION_PICKUP_GAMEITEM,8,1,1,1,3,611,0,1,0,0,0
612,T_32_YF_LWSO_FIRE_N,T_32_YF_LWSO_FIRE_D,Preview_Grenade,1,Icon_slot_Molotov,Icon_slot_Molotov,INGAME_ITEM_Molotov,INGAME_ITEM_Molotov,INGAME_PICKUP_Molotov,SOUND_ACTION_PICKUP_GAMEITEM,8,1,1,1,3,612,0,1,0,0,0
613,T_32_YF_LWSO_SMOKE_N,T_32_YF_LWSO_SMOKE_D,Preview_Grenade,1,Icon_slot_Poison,Icon_slot_Poison,INGAME_ITEM_Poison,INGAME_ITEM_Poison,INGAME_PICKUP_Poison,SOUND_ACTION_PICKUP_GAMEITEM,8,1,1,1,3,613,0,1,0,0,0
701,T_16_P_MANUAL_MUSHROOM1,T_16_P_MANUAL_MUSHROOM1,,0,UI_item_Mushroom_01,UI_item_Mushroom_01,,,INGAME_PICKUP_MUSHROOM_1,,1,1,0,1,0,701,0,1,1,0,0
702,T_16_P_MANUAL_MUSHROOM2,T_16_P_MANUAL_MUSHROOM2,,0,UI_item_Mushroom_02,UI_item_Mushroom_02,,,INGAME_PICKUP_MUSHROOM_2,,1,1,0,1,0,702,0,1,1,0,0
703,T_16_P_MANUAL_MUSHROOM3,T_16_P_MANUAL_MUSHROOM3,,0,UI_item_Mushroom_03,UI_item_Mushroom_03,,,INGAME_PICKUP_MUSHROOM_3,,1,1,0,1,0,703,0,1,1,0,0
704,repair_armor,,,0,,,,,,,1,1,0,1,0,704,0,1,1,0,0
705,TXT_OB16_Q_ITEM_ARMORREPAIR,TXT_OB16_Q_ITEM_ARMORREPAIR,,0,Icon_item_ArmorRepair,Icon_item_ArmorRepair,,,INGAME_PICKUP_REPAIR_ARMOR_1,,1,1,0,1,0,705,0,1,1,0,0
706,fulfill_ammo_clip,,,0,Icon_item_fak,Icon_item_fak,,,,,1,1,0,1,0,706,0,1,1,0,0
707,T_16_P_MANUAL_MUSHROOM4,T_16_P_MANUAL_MUSHROOM4,,0,UI_item_Mushroom_04,UI_item_Mushroom_04,,,INGAME_PICKUP_MUSHROOM_4,,1,1,0,1,0,707,0,1,1,0,0
708,T_15_Q_INFOBOX,T_15_Q_INFOBOX_DESC,,0,Icon_item_fak,Icon_item_fak,,,INGAME_PICKUP_INFOBOX,,1,1,0,1,0,708,0,1,1,0,0
709,T_16_P_MANUAL_MUSHROOM3,T_16_P_MANUAL_MUSHROOM3,,0,UI_IconMushroom_03,UI_IconMushroom_03,,,INGAME_PICKUP_MUSHROOM_3,,1,1,0,1,0,709,0,0,1,0,0
801,battle_resource_1,,,0,,,,,VFX_Ingame_Laser_Red,,9,1,0,1,0,4,0,1,1,0,0
802,battle_resource_1,,,0,,,,,VFX_Ingame_Laser_Green,,9,1,0,1,0,4,0,1,1,0,0
803,battle_resource_1,,,0,,,,,VFX_Ingame_Laser_Purple,,9,1,0,1,0,4,0,1,1,0,0
804,battle_resource_1,,,0,,,,,VFX_Ingame_Laser_Red_Grenade,,9,1,0,1,0,4,0,1,1,0,0
901,vehicle_hit,,,0,,,,,,,9,,,,,1,,,,0,0
902,vehicle_armor,,,0,,,,,,,9,,,,,2,,,,0,0
903,vehicle_boost,,,0,,,,,,,9,,,,,3,,,,0,0
904,add_vehicle_hp,,,0,,,,,,,9,1,0,1,0,5,0,1,1,0,0
905,vechile_jump,,,0,,,,,,,9,,,,,6,,,,0,0
906,vehicle_repair_kit,,,0,,,,,,,9,,,,,7,,,,0,0
908,vehicle_missile_launcher,,,0,,,,,,,9,,,,,8,,,,0,0
909,vehicle_missile,,,0,,,,,,,9,,,,,9,,,,0,0
910,vehicle_auto_gun,,,0,,,,,,,9,,,,,10,,,,0,0
911,vehicle_auto_gun_ammo,,,0,,,,,,,9,,,,,11,,,1,0,0
912,vehicle_missile,,,0,,,,,,,9,,,,,12,,,,0,0
913,vehicle_missile_launcher,,,0,,,,,,,9,,,,,13,,,,0,0
914,vehicle_dirver_FAK,,,0,,,,,,,1,1,1,2,15,914,0,1,0,0,0
915,vehicle_missile_add_damage_buff,T_25_C_SPEED_BUFF_2,,0,FF_UI_Ingame_Speed_Buff_Ddamage,,,,,,9,,,,,15,,,1,0,0
916,vehicle_boost_cd_reduction,T_25_C_SPEED_BUFF_3,,0,FF_UI_Ingame_Speed_Buff_CD,,,,,,9,,,,,16,,,1,0,0
917,vehicle_injury_reduction,T_25_C_SPEED_BUFF_1,,0,FF_UI_Ingame_Speed_Buff_Hurt,,,,,,9,,,,,17,,,1,0,0
918,vehicle_inv_golden_bell,T_25_C_SPEED_BUFF_1,,0,FF_UI_Ingame_Speed_Buff_Hurt,,,,,,9,,1,2,,18,,,,0,0
919,vehicle_bomb_zone,T_25_C_SPEED_BUFF_4,,0,FF_UI_Ingame_Speed_Buff_Explosion,,,,,,9,,1,2,,19,,,,0,0
920,vehicle_tripple_ammo,T_25_C_SPEED_BUFF_5,,0,FF_UI_Ingame_Speed_Buff_Ddamage,,,,,,9,,1,2,,20,,,,0,0
1001,TXT_OB8_HQW_NEWLOADOUT_BONFIRE,TXT_OB8_HQW_NEWLOADOUT_BONFIRE_DESC,,0,Icon_equipment_Bonfire,Icon_slot_Grenade,INGAME_ITEM_BONEFIRE_MALE,INGAME_ITEM_BONEFIRE_FEMALE,INGAME_PICKUP_BONFIRE,,10,1,1,1,1,1001,0,0,0,0,0
1002,TXT_OB8_HQW_NEWLOADOUT_AIRDROP,TXT_OB8_HQW_NEWLOADOUT_AIRDROP_DESC,,0,Icon_item_AirdropBar,Icon_item_AirdropBar,INGAME_ITEM_AIRDROPBAR_MALE,INGAME_ITEM_AIRDROPBAR_FEMALE,INGAME_PICKUP_GRENADE,,10,1,1,1,1,1002,0,0,0,0,0
1003,TXT_OB8_HQW_NEWLOADOUT_TREASUREMAP,TXT_OB8_HQW_NEWLOADOUT_TREASUREMAP_DESC,,0,Icon_item_Treasuremap,,INGAME_ITEM_TREASUREMAP_MALE,INGAME_ITEM_TREASUREMAP_FEMALE,INGAME_PICKUP_TREASUREMAP,,10,1,1,1,1,1003,0,0,0,0,0
1004,TXT_OB11_HQW_NEWLOADOUT_BOUNTY,TXT_OB11_HQW_NEWLOADOUT_BOUNTY_DESC,,0,Icon_item_Treasuremap,,INGAME_ITEM_TREASUREMAP_MALE,INGAME_ITEM_TREASUREMAP_FEMALE,INGAME_PICKUP_TREASUREMAP,,10,1,1,1,1,1004,0,0,0,0,0
1005,TXT_OB11_HQW_NEWLOADOUT_MARKER,TXT_OB11_HQW_NEWLOADOUT_MARKER_DESC,,0,Icon_weapon_Scanner,,INGAME_ITEM_TREASUREMAP_MALE,INGAME_ITEM_TREASUREMAP_FEMALE,INGAME_PICKUP_TREASUREMAP,,10,1,1,1,1,1005,0,0,0,0,0
1006,T_26_ET_CELLPHONE_NAME,T_26_ET_CELLPHONE_DESC,,0,Icon_equipment_UAV_Controller,Icon_equipment_UAV_Controller,INGAME_ITEM_UAV_CONTROLLER,INGAME_ITEM_UAV_CONTROLLER,INGAME_PICKUP_UAV,SOUND_ACTION_PICKUP_GAMEITEM,35,1,1,1,5,1006,0,1,0,0,1
1101,TXT_OB9_JRW_CAMOUFLAGE_BUSH_NAME,TXT_OB9_JRW_CAMOUFLAGE_BUSH_DESC,,0,Icon_camouflage_bush,Icon_camouflage_bush,INGAME_ITEM_CAMOUFLAGE_BUSH,INGAME_ITEM_CAMOUFLAGE_BUSH,INGAME_PICKUP_CAMOUFLAGE_BUSH,SOUND_ACTION_PICKUP_GAMEITEM,11,0,0,1,0,1101,0,1,0,0,0
1102,TXT_OB10_JRW_CAMOUFLAGE_OILDRUM_NAME,TXT_OB10_JRW_CAMOUFLAGE_OILDRUM_DESC,,0,Icon_camouflage_oildrum,Icon_camouflage_oildrum,INGAME_ITEM_CAMOUFLAGE_OILDRUMCOVER,INGAME_ITEM_CAMOUFLAGE_OILDRUMCOVER,INGAME_PICKUP_CAMOUFLAGE_OILDRUMCOVER,SOUND_ACTION_PICKUP_GAMEITEM,11,0,0,1,0,1102,0,1,0,0,0
1103,T_21_C_CAMOUFLAGE_BOX_NAME,T_21_C_CAMOUFLAGE_BUSH_DESC,,0,Icon_camouflage_box,Icon_camouflage_box,INGAME_ITEM_CAMOUFLAGE_BOX,INGAME_ITEM_CAMOUFLAGE_BOX,INGAME_PICKUP_CAMOUFLAGE_BOX,SOUND_ACTION_PICKUP_GAMEITEM,11,0,0,1,0,1103,0,1,0,0,0
1104,TXT_OB9_JRW_CAMOUFLAGE_BUSH_NAME,TXT_OB9_JRW_CAMOUFLAGE_BUSH_DESC,,0,Icon_camouflage_bush,Icon_camouflage_bush,INGAME_ITEM_CAMOUFLAGE_BUSH_ParadiseNeo,INGAME_ITEM_CAMOUFLAGE_BUSH_ParadiseNeo,INGAME_PICKUP_CAMOUFLAGE_BUSH,SOUND_ACTION_PICKUP_GAMEITEM,11,0,0,1,0,1104,0,1,0,0,0
1105,TXT_OB9_JRW_CAMOUFLAGE_BUSH_NAME,TXT_OB9_JRW_CAMOUFLAGE_BUSH_DESC,,0,Icon_camouflage_bush,Icon_camouflage_bush,INGAME_ITEM_CAMOUFLAGE_BUSH_SHANGRILA,INGAME_ITEM_CAMOUFLAGE_BUSH_SHANGRILA,INGAME_PICKUP_CAMOUFLAGE_BUSH_SHANGRILA,SOUND_ACTION_PICKUP_GAMEITEM,11,0,0,1,0,1104,0,1,0,0,0
1201,TXT_OB9_SQ_ITEM_GLOOSHIELD,TXT_OB9_SQ_ITEM_GLOOSHIELD_DESC,PREVIEW_GLOO_OBLIQUE_BUNKER,1,Icon_item_GlooShield,Icon_item_GlooShield2,INGAME_ITEM_GLOOSHIELD_MALE,INGAME_ITEM_GLOOSHIELD_MALE,INGAME_PICKUP_GLOOSHIELD,SOUND_ACTION_PICKUP_GAMEITEM,12,1,1,1,3,1201,0,1,0,0,0.6
1202,T_16_B_ITEM_BRICKGRENADE,T_16_B_ITEM_DESC_BRICKGRENADE,,0,Icon_EW_BrickBlock,Icon_slot_EW_BrickBlock,INGAME_ITEM_BRICK_GRENADE_MALE,INGAME_ITEM_BRICK_GRENADE_MALE,INGAME_PICKUP_BRICK_GRENADE,SOUND_ACTION_PICKUP_GAMEITEM,12,1,1,1,3,1202,0,1,0,0,0
1203,T_28_V_TRAINING_CRAFTGUN_NAME,T_28_V_TRAINING_CRAFTGUN_DESC,,0,Icon_Ingame_CraftGun,Icon_Ingame_CraftGun,INGAME_TRAINING_CRAFTGUN,INGAME_TRAINING_CRAFTGUN,INGAME_PICKUP_GLOOSHIELD,SOUND_ACTION_PICKUP_GAMEITEM,12,1,1,10,0,1203,0,1,0,0,0
1301,T_25_LC_BOX_CHRONO_PINK_N,T_22_LC_BOX_BLUECRYSTALBEAD_BR_D,,0,Icon_box_chrono_th_25,Icon_box_chrono_th_25,,,,SOUND_ACTION_PICKUP_ITEM,13,1,1,999,0,1301,,0,0,0,0
1302,TXT_OB11_ZXR_MEXICOSKULL_NAME,TXT_OB11_ZXR_MEXICOSKULL_DESC,,0,Icon_Ingame_Mexicoskull,Icon_Ingame_Mexicoskull,,,INGAME_PICKUP_MEXICOSKULL,SOUND_ACTION_PICKUP_ITEM,13,1,1,999,0,1302,,0,0,0,0
1303,T_12_C_XMASGIFT_NAME,T_12_C_XMASGIFT_DESC,,0,icon_Gift_Christmas,icon_Gift_Christmas,,,INGAME_XMAS_DROP,SOUND_ACTION_PICKUP_ITEM,13,1,1,999,0,1303,,0,0,0,0
1304,T_12_L_E_WALKING_STICK_SWEETS,T_12_O_CHRISTMAS_CANDY_DESC,,0,Icon_Ingame_walking_stick_sweets,Icon_Ingame_walking_stick_sweets,,,INGAME_PICKUP_CANE_SUGAR,SOUND_ACTION_PICKUP_ITEM,13,1,1,1,0,1304,,0,0,0,0
1305,T_12_L_E_ROUND_SWEETS,T_12_O_CHRISTMAS_CANDY_DESC,,0,Icon_Ingame_round_sweets,Icon_Ingame_round_sweets,,,INGAME_PICKUP_ROUNDED_SUGAR,SOUND_ACTION_PICKUP_ITEM,13,1,1,1,0,1305,,0,0,0,0
1306,T_12_L_E_CHRISTMAS_LOLLIPOP,T_12_O_CHRISTMAS_CANDY_DESC,,0,Icon_Ingame_lollipop,Icon_Ingame_lollipop,,,INGAME_PICKUP_LOLLIPOP_SUGAR,SOUND_ACTION_PICKUP_ITEM,13,1,1,1,0,1306,,0,0,0,0
1307,T_12_L_E_CHRISTMAS_SWEETS_YELLOW,T_12_O_CHRISTMAS_CANDY_DESC,,0,Icon_Ingame_sweets_yellow,Icon_Ingame_sweets_yellow,,,INGAME_PICKUP_STAR_SUGAR,SOUND_ACTION_PICKUP_ITEM,13,1,1,1,0,1307,,0,0,0,0
1308,T_26_L_E_RED_COBRA,TXT_OB7_LZW_ITEM_EXCHANGE_DESC,,0,Icon_exchange_ob26_Red_Cobra,Icon_exchange_ob26_Red_Cobra,,,INGAME_PICKUP_CANDY_COBRA_RED,SOUND_ACTION_PICKUP_ITEM,13,1,1,1,0,1308,,0,0,0,0
1309,T_26_L_E_BLUE_COBRA,TXT_OB7_LZW_ITEM_EXCHANGE_DESC,,0,Icon_exchange_ob26_Blue_Cobra,Icon_exchange_ob26_Blue_Cobra,,,INGAME_PICKUP_CANDY_COBRA_BLUE,SOUND_ACTION_PICKUP_ITEM,13,1,1,1,0,1309,,0,0,0,0
1310,T_26_L_E_YELLOW_COBRA,TXT_OB7_LZW_ITEM_EXCHANGE_DESC,,0,Icon_exchange_ob26_Yellow_Cobra,Icon_exchange_ob26_Yellow_Cobra,,,INGAME_PICKUP_CANDY_COBRA_YELLOW,SOUND_ACTION_PICKUP_ITEM,13,1,1,1,0,1310,,0,0,0,0
1311,T_26_L_E_WHITE_COBRA,TXT_OB7_LZW_ITEM_EXCHANGE_DESC,,0,Icon_exchange_ob26_White_Cobra,Icon_exchange_ob26_White_Cobra,,,INGAME_PICKUP_CANDY_COBRA_YELLOW,SOUND_ACTION_PICKUP_ITEM,13,1,1,1,0,1311,,0,0,0,0
1312,T_26_L_E_RED_BOTTLE,TXT_OB7_LZW_ITEM_EXCHANGE_DESC,,0,Icon_exchange_ob26_Red_Bottle,Icon_exchange_ob26_Red_Bottle,,,INGAME_PICKUP_CANDY_GOLIATH_REDFIRE,SOUND_ACTION_PICKUP_ITEM,13,1,1,1,0,1312,,0,0,0,0
1313,T_26_L_E_BLUE_BOTTLE,TXT_OB7_LZW_ITEM_EXCHANGE_DESC,,0,Icon_exchange_ob26_Blue_Bottle,Icon_exchange_ob26_Blue_Bottle,,,INGAME_PICKUP_CANDY_GOLIATH_BLUEFIRE,SOUND_ACTION_PICKUP_ITEM,13,1,1,1,0,1313,,0,0,0,0
1314,T_26_L_E_GREEN_BOTTLE,TXT_OB7_LZW_ITEM_EXCHANGE_DESC,,0,Icon_exchange_ob26_Green_Bottle,Icon_exchange_ob26_Green_Bottle,,,INGAME_PICKUP_CANDY_GOLIATH_GREENFIRE,SOUND_ACTION_PICKUP_ITEM,13,1,1,1,0,1314,,0,0,0,0
1315,T_14_O_SECRETBOX_NAME,TXT_OB7_LZW_ITEM_EXCHANGE_DESC,,0,Icon_exchange_Easter_Deposit,,,,PICKUP_DEPOSITCANDY,SOUND_ACTION_PICKUP_ITEM,13,1,1,1,0,1315,,0,0,0,0
1316,T_15_L_E_GHOST_FLAG,TXT_OB7_LZW_ITEM_EXCHANGE_DESC,,0,Icon_exchange_Ghost_Flag,,,,INGAME_PICKUP_CANDYFLAG,SOUND_ACTION_PICKUP_ITEM,13,1,1,1,0,1316,,0,0,0,0
1317,T_27_L_E_KO_NIGHT_PURPLE_BELT,TXT_OB7_LZW_ITEM_EXCHANGE_DESC,,0,Icon_exchange_ob27_ko_night_purple_belt,,,,INGAME_PICKUP_CANDY_BOXER_PURPLE,SOUND_ACTION_PICKUP_ITEM,13,1,1,1,0,1317,,0,0,0,0
1318,T_27_L_E_KO_NIGHT_BLUE_BELT,TXT_OB7_LZW_ITEM_EXCHANGE_DESC,,0,Icon_exchange_ob27_ko_night_blue_belt,,,,INGAME_PICKUP_CANDY_BOXER_BLUE,SOUND_ACTION_PICKUP_ITEM,13,1,1,1,0,1318,,0,0,0,0
1319,T_27_L_E_KO_NIGHT_BLACK_BELT,TXT_OB7_LZW_ITEM_EXCHANGE_DESC,,0,Icon_exchange_ob27_ko_night_black_belt,,,,INGAME_PICKUP_CANDY_BOXER_GRAY,SOUND_ACTION_PICKUP_ITEM,13,1,1,1,0,1319,,0,0,0,0
1320,T_27_L_E_FFWS_BLUE_TICKETS,TXT_OB7_LZW_ITEM_EXCHANGE_DESC,,0,Icon_exchange_ob27_ffws_blue_tickets,,,,INGAME_PICKUP_CANDY_FFWS2021_BLUE,SOUND_ACTION_PICKUP_ITEM,13,1,1,1,0,1320,,0,0,0,0
1321,T_27_L_E_FFWS_BLACK_TICKETS,TXT_OB7_LZW_ITEM_EXCHANGE_DESC,,0,Icon_exchange_ob27_ffws_black_tickets,,,,INGAME_PICKUP_CANDY_FFWS2021_BLACK,SOUND_ACTION_PICKUP_ITEM,13,1,1,1,0,1321,,0,0,0,0
1322,T_27_L_E_FFWS_YELLOW_TICKETS,TXT_OB7_LZW_ITEM_EXCHANGE_DESC,,0,Icon_exchange_ob27_ffws_yellow_tickets,,,,INGAME_PICKUP_CANDY_FFWS2021_YELLOW,SOUND_ACTION_PICKUP_ITEM,13,1,1,1,0,1322,,0,0,0,0
1323,T_27_L_E_FFWS_LOGO,TXT_OB7_LZW_ITEM_EXCHANGE_DESC,,0,Icon_exchange_ob27_ffws_logo,,,,INGAME_PICKUP_CANDY_FFWS2021_YELLOW,SOUND_ACTION_PICKUP_ITEM,13,1,1,1,0,1323,,0,0,0,0
1324,T_27_L_E_KO_NIGHT_PLATINA_BELT,TXT_OB7_LZW_ITEM_EXCHANGE_DESC,,0,Icon_exchange_ob27_ko_night_platina_belt,,,,INGAME_PICKUP_CANDY_FFWS2021_YELLOW,SOUND_ACTION_PICKUP_ITEM,13,1,1,1,0,1324,,0,0,0,0
1325,T_28_KK_FOURSYMBOLS_TOKEN_NAME,T_28_KK_FOURSYMBOLS_TOKEN_DESC,,0,Icon_exchange_ob28_foursymbols,,,,INGAME_PICKUP_CANDY_FOURSYMBOLS_BLESSING,SOUND_ACTION_PICKUP_ITEM,13,1,1,1,0,1325,,0,0,0,0
1326,T_28_L_E_FOURSYMBOLS_A,TXT_OB7_LZW_ITEM_EXCHANGE_DESC,,0,Icon_exchange_ob28_foursymbols_a,,,,INGAME_PICKUP_CANDY_FOURSYMBOLS_DRAGON,SOUND_ACTION_PICKUP_ITEM,13,1,1,1,0,1326,,0,0,0,0
1327,T_28_L_E_FOURSYMBOLS_C,TXT_OB7_LZW_ITEM_EXCHANGE_DESC,,0,Icon_exchange_ob28_foursymbols_c,,,,INGAME_PICKUP_CANDY_FOURSYMBOLS_ROSEFINCH,SOUND_ACTION_PICKUP_ITEM,13,1,1,1,0,1327,,0,0,0,0
1328,T_28_L_E_FOURSYMBOLS_D,TXT_OB7_LZW_ITEM_EXCHANGE_DESC,,0,Icon_exchange_ob28_foursymbols_d,,,,INGAME_PICKUP_CANDY_FOURSYMBOLS_TORTOISE,SOUND_ACTION_PICKUP_ITEM,13,1,1,1,0,1328,,0,0,0,0
1329,T_28_L_E_FOURSYMBOLS_B,TXT_OB7_LZW_ITEM_EXCHANGE_DESC,,0,Icon_exchange_ob28_foursymbols_b,,,,INGAME_PICKUP_CANDY_FOURSYMBOLS_WHITETIGER,SOUND_ACTION_PICKUP_ITEM,13,1,1,1,0,1329,,0,0,0,0
1330,T_28_L_E_SUPERCAR_FLAG,TXT_OB7_LZW_ITEM_EXCHANGE_DESC,,0,Icon_exchange_ob28_supercar_flag,,,,INGAME_PICKUP_CANDY_SUPERCAR_FLAG,SOUND_ACTION_PICKUP_ITEM,13,1,1,1,0,1330,,0,0,0,0
1331,T_28_L_E_SUPERCAR_TYRE_BLUE,TXT_OB7_LZW_ITEM_EXCHANGE_DESC,,0,Icon_exchange_ob28_supercar_tyre_blue,,,,INGAME_PICKUP_CANDY_SUPERCAR_TIRE_BLUE,SOUND_ACTION_PICKUP_ITEM,13,1,1,1,0,1331,,0,0,0,0
1332,T_28_L_E_SUPERCAR_TYRE_SILVER,TXT_OB7_LZW_ITEM_EXCHANGE_DESC,,0,Icon_exchange_ob28_supercar_tyre_grey,,,,INGAME_PICKUP_CANDY_SUPERCAR_TIRE_GREY,SOUND_ACTION_PICKUP_ITEM,13,1,1,1,0,1332,,0,0,0,0
1333,T_28_L_E_SUPERCAR_TYRE_YELLOW,TXT_OB7_LZW_ITEM_EXCHANGE_DESC,,0,Icon_exchange_ob28_supercar_tyre_yellow,,,,INGAME_PICKUP_CANDY_SUPERCAR_TIRE_YELLOW,SOUND_ACTION_PICKUP_ITEM,13,1,1,1,0,1333,,0,0,0,0
1334,T_28_L_E_SUTORITO_CONTROLLER_BLUE,TXT_OB7_LZW_ITEM_EXCHANGE_DESC,,0,Icon_exchange_ob28_sutorito_controller_blue,,,,INGAME_PICKUP_CANDY_SUTORITO_BLUE,SOUND_ACTION_PICKUP_ITEM,13,1,1,1,0,1334,,0,0,0,0
1335,T_28_ZY_SUTORITOTOKEN1_TITLE,TXT_OB7_LZW_ITEM_EXCHANGE_DESC,,0,Icon_exchange_ob28_sutorito_controller_red,,,,INGAME_PICKUP_CANDY_SUTORITO_RED,SOUND_ACTION_PICKUP_ITEM,13,1,1,1,0,1335,,0,0,0,0
1336,T_28_ZY_SUTORITOTOKEN2_TITLE,TXT_OB7_LZW_ITEM_EXCHANGE_DESC,,0,Icon_exchange_ob28_sutorito_controller_white,,,,INGAME_PICKUP_CANDY_SUTORITO_WHITE,SOUND_ACTION_PICKUP_ITEM,13,1,1,1,0,1336,,0,0,0,0
1337,T_29_L_E_MOCOMONTH_BLUE,TXT_OB7_LZW_ITEM_EXCHANGE_DESC,,0,Icon_exchange_ob29_mocomonth_blue,,,,INGAME_PICKUP_CANDY_MOCOMONTH_BLUE,SOUND_ACTION_PICKUP_ITEM,13,1,1,1,0,1337,,0,0,0,0
1338,T_29_L_E_MOCOMONTH_GREEN,TXT_OB7_LZW_ITEM_EXCHANGE_DESC,,0,Icon_exchange_ob29_mocomonth_green,,,,INGAME_PICKUP_CANDY_MOCOMONTH_GREEN,SOUND_ACTION_PICKUP_ITEM,13,1,1,1,0,1338,,0,0,0,0
1339,T_29_L_E_MOCOMONTH_PURPLE,TXT_OB7_LZW_ITEM_EXCHANGE_DESC,,0,Icon_exchange_ob29_mocomonth_purple,,,,INGAME_PICKUP_CANDY_MOCOMONTH_PURPLE,SOUND_ACTION_PICKUP_ITEM,13,1,1,1,0,1339,,0,0,0,0
1340,T_29_ZY_MUSICFESTTOKENTIPS_TITLE,TXT_OB7_LZW_ITEM_EXCHANGE_DESC,,0,Icon_exchange_ob29_musicfest_colours,,,,INGAME_PICKUP_CANDY_MUSICFEST_LASER,SOUND_ACTION_PICKUP_ITEM,13,1,1,1,0,1340,,0,0,0,0
1341,T_29_L_E_MUSICFEST_RED,TXT_OB7_LZW_ITEM_EXCHANGE_DESC,,0,Icon_exchange_ob29_musicfest_red,,,,INGAME_PICKUP_CANDY_MUSICFEST_RED,SOUND_ACTION_PICKUP_ITEM,13,1,1,1,0,1341,,0,0,0,0
1342,T_29_L_E_MUSICFEST_WHITE,TXT_OB7_LZW_ITEM_EXCHANGE_DESC,,0,Icon_exchange_ob29_musicfest_white,,,,INGAME_PICKUP_CANDY_MUSICFEST_WHITE,SOUND_ACTION_PICKUP_ITEM,13,1,1,1,0,1342,,0,0,0,0
1343,T_30_L_E_BOOYAH_DAY_BLACK,TXT_OB7_LZW_ITEM_EXCHANGE_DESC,,0,Icon_exchange_ob30_booyah_day_black,,,,INGAME_PICKUP_CANDY_BOOYAHDAY21_BLACK,SOUND_ACTION_PICKUP_ITEM,13,1,1,1,0,1343,,0,0,0,0
1344,T_30_L_E_BOOYAH_DAY_YELLOW,TXT_OB7_LZW_ITEM_EXCHANGE_DESC,,0,Icon_exchange_ob30_booyah_day_yellow,,,,INGAME_PICKUP_CANDY_BOOYAHDAY21_YELLOW,SOUND_ACTION_PICKUP_ITEM,13,1,1,1,0,1344,,0,0,0,0
1345,T_30_L_E_BOOYAH_DAY_WHITE,TXT_OB7_LZW_ITEM_EXCHANGE_DESC,,0,Icon_exchange_ob30_booyah_day_white,,,,INGAME_PICKUP_CANDY_BOOYAHDAY21_GREY,SOUND_ACTION_PICKUP_ITEM,13,1,1,1,0,1345,,0,0,0,0
1346,T_30_L_E_DAY_OF_THE_DEAD,TXT_OB7_LZW_ITEM_EXCHANGE_DESC,,0,Icon_exchange_ob30_day_of_the_dead,,,,INGAME_PICKUP_CANDY_DEAD,SOUND_ACTION_PICKUP_ITEM,13,1,1,1,0,1346,,0,0,0,0
1347,T_30_L_E_POISON_RED,TXT_OB7_LZW_ITEM_EXCHANGE_DESC,,0,Icon_exchange_ob30_poison_red,,,,INGAME_PICKUP_CANDY_DEAD,SOUND_ACTION_PICKUP_ITEM,13,1,1,1,0,1347,,0,0,0,0
1348,T_30_L_E_POISON_CRIMSON,TXT_OB7_LZW_ITEM_EXCHANGE_DESC,,0,Icon_exchange_ob30_poison_crimson,,,,INGAME_PICKUP_CANDY_DEAD,SOUND_ACTION_PICKUP_ITEM,13,1,1,1,0,1348,,0,0,0,0
1349,T_30_L_E_POISON_BLACK,TXT_OB7_LZW_ITEM_EXCHANGE_DESC,,0,Icon_exchange_ob30_poison_black,,,,INGAME_PICKUP_CANDY_DEAD,SOUND_ACTION_PICKUP_ITEM,13,1,1,1,0,1349,,0,0,0,0
1350,T_30_QX_BOOYAHGO_DICE_NAME,TXT_OB7_LZW_ITEM_EXCHANGE_DESC,,0,Icon_exchange_ob30_Booyahday21,,,,INGAME_PICKUP_CANDY_BOOYAHDAY21_DICE,SOUND_ACTION_PICKUP_ITEM,13,1,1,1,0,1350,,0,0,0,0
1352,T_31_L_E_LCDP2_BILL,T_31_L_E_LCDP2_BILL_DESC,,0,Icon_exchange_ob31_lcdp2_bill,,,,INGAME_PICKUP_CANDY_JUMPSUIT2_CASH,SOUND_ACTION_PICKUP_ITEM,13,1,1,1,0,1352,,0,0,0,0
1353,T_31_L_E_LCDP2_GOLD_BAR,T_31_L_E_LCDP2_GOLD_BAR_DESC,,0,Icon_exchange_ob31_lcdp2_gold_bar,,,,INGAME_PICKUP_CANDY_JUMPSUIT2_GOLD,SOUND_ACTION_PICKUP_ITEM,13,1,1,1,0,1353,,0,0,0,0
1354,T_31_L_E_LCDP2_GASOLINE,T_31_L_E_LCDP2_GASOLINE_DESC,,0,Icon_exchange_ob31_lcdp2_gasoline,,,,INGAME_PICKUP_CANDY_JUMPSUIT2_GASCAN,SOUND_ACTION_PICKUP_ITEM,13,1,1,1,0,1354,,0,0,0,0
1355,T_31_L_E_WINTERFEST21S_RED,TXT_OB7_LZW_ITEM_EXCHANGE_DESC,,0,Icon_exchange_ob31_winterfest21s_red,,,,INGAME_PICKUP_CANDY_WINTERFEST21_RED,SOUND_ACTION_PICKUP_ITEM,13,1,1,1,0,1355,,0,0,0,0
1356,T_31_L_E_WINTERFEST21S_YELLOW,TXT_OB7_LZW_ITEM_EXCHANGE_DESC,,0,Icon_exchange_ob31_winterfest21s_yellow,,,,INGAME_PICKUP_CANDY_WINTERFEST21_YELLOW,SOUND_ACTION_PICKUP_ITEM,13,1,1,1,0,1356,,0,0,0,0
1357,T_31_L_E_WINTERFEST21S_BLUE,TXT_OB7_LZW_ITEM_EXCHANGE_DESC,,0,Icon_exchange_ob31_winterfest21s_blue,,,,INGAME_PICKUP_CANDY_WINTERFEST21_BLUE,SOUND_ACTION_PICKUP_ITEM,13,1,1,1,0,1357,,0,0,0,0
1358,T_31_L_E_MAPSOLDIER_BLUE,TXT_OB7_LZW_ITEM_EXCHANGE_DESC,,0,Icon_exchange_ob31_mapsoldier_blue,,,,INGAME_PICKUP_CANDY_MAPSOLDIER_BLUE,SOUND_ACTION_PICKUP_ITEM,13,1,1,1,0,1358,,0,0,0,0
1359,T_31_L_E_MAPSOLDIER_YELLOW,TXT_OB7_LZW_ITEM_EXCHANGE_DESC,,0,Icon_exchange_ob31_mapsoldier_yellow,,,,INGAME_PICKUP_CANDY_MAPSOLDIER_YELLOW,SOUND_ACTION_PICKUP_ITEM,13,1,1,1,0,1359,,0,0,0,0
1360,T_31_L_E_MAPSOLDIER_VIOLET,TXT_OB7_LZW_ITEM_EXCHANGE_DESC,,0,Icon_exchange_ob31_mapsoldier_violet,,,,INGAME_PICKUP_CANDY_MAPSOLDIER_PURPLE,SOUND_ACTION_PICKUP_ITEM,13,1,1,1,0,1360,,0,0,0,0
1361,T_31_L_E_WINTERFEST21_BOX,TXT_OB7_LZW_ITEM_EXCHANGE_DESC,,0,Icon_exchange_ob31_winterfest21_box,,,,INGAME_PICKUP_CANDY_XMAS,SOUND_ACTION_PICKUP_ITEM,13,1,1,1,0,1361,,0,0,0,0
1362,T_31_L_E_WINTERFEST21B_BLUE,T_31_E_WINTER_TOKEN1_DESC,,0,Icon_exchange_ob31_winterfest21b_blue,,,,INGAME_PICKUP_CANDY_WINTERFEST21B_BLUE,SOUND_ACTION_PICKUP_ITEM,13,1,1,1,0,1362,,0,0,0,0
1363,T_31_L_E_WINTERFEST21B_PURPLE,TXT_OB7_LZW_ITEM_EXCHANGE_DESC,,0,Icon_exchange_ob31_winterfest21b_purple,,,,INGAME_PICKUP_CANDY_WINTERFEST21B_PURPLE,SOUND_ACTION_PICKUP_ITEM,13,1,1,1,0,1363,,0,0,0,0
1364,T_31_L_E_WINTERFEST21B_RED,TXT_OB7_LZW_ITEM_EXCHANGE_DESC,,0,Icon_exchange_ob31_winterfest21b_red,,,,INGAME_PICKUP_CANDY_WINTERFEST21B_RED,SOUND_ACTION_PICKUP_ITEM,13,1,1,1,0,1364,,0,0,0,0
1365,T_32_L_E_HURRICANEB_PURPLE,TXT_OB7_LZW_ITEM_EXCHANGE_DESC,,0,Icon_exchange_ob32_hurricaneb_purple,,,,INGAME_PICKUP_CANDY_HURRICANE_PURPLE,SOUND_ACTION_PICKUP_ITEM,13,1,1,1,0,1365,,0,0,0,0
1366,T_32_L_E_HURRICANEB_BLUE,TXT_OB7_LZW_ITEM_EXCHANGE_DESC,,0,Icon_exchange_ob32_hurricaneb_blue,,,,INGAME_PICKUP_CANDY_HURRICANE_BLUE,SOUND_ACTION_PICKUP_ITEM,13,1,1,1,0,1366,,0,0,0,0
1367,T_32_L_E_HURRICANEB_WHITE,TXT_OB7_LZW_ITEM_EXCHANGE_DESC,,0,Icon_exchange_ob32_hurricaneb_white,,,,INGAME_PICKUP_CANDY_HURRICANE_WHITE,SOUND_ACTION_PICKUP_ITEM,13,1,1,1,0,1367,,0,0,0,0
1368,T_32_L_E_HOODEDKILLER_SILVER,TXT_OB7_LZW_ITEM_EXCHANGE_DESC,,0,Icon_exchange_ob32_hoodedkiller_silver,,,,INGAME_PICKUP_CANDY_HOODEDKILLER_SILVER,SOUND_ACTION_PICKUP_ITEM,13,1,1,1,0,1368,,0,0,0,0
1369,T_32_L_E_HOODEDKILLER_RED,TXT_OB7_LZW_ITEM_EXCHANGE_DESC,,0,Icon_exchange_ob32_hoodedkiller_red,,,,INGAME_PICKUP_CANDY_HOODEDKILLER_RED,SOUND_ACTION_PICKUP_ITEM,13,1,1,1,0,1369,,0,0,0,0
1370,T_32_L_E_HOODEDKILLER_YELLOW,TXT_OB7_LZW_ITEM_EXCHANGE_DESC,,0,Icon_exchange_ob32_hoodedkiller_yellow,,,,INGAME_PICKUP_CANDY_HOODEDKILLER_YELLOW,SOUND_ACTION_PICKUP_ITEM,13,1,1,1,0,1370,,0,0,0,0
1371,T_22_L_E_RAMPAGE_BLACK,TXT_OB7_LZW_ITEM_EXCHANGE_DESC,,0,Icon_exchange_ob22_rampage_black,,,,INGAME_PICKUP_CANDY_RAMPAGE_GRAY,SOUND_ACTION_PICKUP_ITEM,13,1,1,1,0,1371,,0,0,0,0
1372,T_22_L_E_RAMPAGE_GREEN,TXT_OB7_LZW_ITEM_EXCHANGE_DESC,,0,Icon_exchange_ob22_rampage_green,,,,INGAME_PICKUP_CANDY_RAMPAGE_GREEN,SOUND_ACTION_PICKUP_ITEM,13,1,1,1,0,1372,,0,0,0,0
1373,T_22_A_RAMPAGE_TOKEN,T_22_A_RAMPAGE_TOKEN_DESC,,0,Icon_exchange_ob22_rampage_yellow,,,,INGAME_PICKUP_CANDY_RAMPAGE_YELLOW,SOUND_ACTION_PICKUP_ITEM,13,1,1,1,0,1373,,0,0,0,0
1374,T_22_A_RAMPAGE_TOKEN,T_22_A_RAMPAGE_TOKEN_DESC,,0,Icon_exchange_ob22_rampage_yellow,,,,INGAME_PICKUP_CANDY_RAMPAGE_YELLOW,SOUND_ACTION_PICKUP_ITEM,13,1,1,1,0,1374,,0,0,0,0
1375,T_23_L_E_GASOLINE_TANK,TXT_OB7_LZW_ITEM_EXCHANGE_DESC,,0,Icon_exchange_ob23_gasoline_tank,,,,INGAME_PICKUP_CANDY_JUMPSUIT_GASCAN,SOUND_ACTION_PICKUP_ITEM,13,1,1,1,0,1375,,0,0,0,0
1376,T_23_L_E_PAPER_MONEY,TXT_OB7_LZW_ITEM_EXCHANGE_DESC,,0,Icon_exchange_ob23_paper_money,,,,INGAME_PICKUP_CANDY_JUMPSUIT_CASH,SOUND_ACTION_PICKUP_ITEM,13,1,1,1,0,1376,,0,0,0,0
1377,T_23_L_E_GOLD_BAR,TXT_OB7_LZW_ITEM_EXCHANGE_DESC,,0,Icon_exchange_ob23_gold_bar,,,,INGAME_PICKUP_CANDY_JUMPSUIT_GOLD,SOUND_ACTION_PICKUP_ITEM,13,1,1,1,0,1377,,0,0,0,0
1378,T_23_L_E_BLUE_CHIP,TXT_OB7_LZW_ITEM_EXCHANGE_DESC,,0,Icon_exchange_ob23_blue_chip,,,,INGAME_PICKUP_CANDY_3RD_BLUE,SOUND_ACTION_PICKUP_ITEM,13,1,1,1,0,1378,,0,0,0,0
1379,T_23_L_E_GREEN_CHIP,TXT_OB7_LZW_ITEM_EXCHANGE_DESC,,0,Icon_exchange_ob23_green_chip,,,,INGAME_PICKUP_CANDY_3RD_GREEN,SOUND_ACTION_PICKUP_ITEM,13,1,1,1,0,1379,,0,0,0,0
1380,T_23_L_E_PURPLE_CHIP,TXT_OB7_LZW_ITEM_EXCHANGE_DESC,,0,Icon_exchange_ob23_purple_chip,,,,INGAME_PICKUP_CANDY_3RD_PURPLE,SOUND_ACTION_PICKUP_ITEM,13,1,1,1,0,1380,,0,0,0,0
1381,T_24_L_E_BOOYAH_BLACK,TXT_OB7_LZW_ITEM_EXCHANGE_DESC,,0,Icon_exchange_ob24_booyah_black,,,,INGAME_PICKUP_CANDY_BOOYAHDAY_BLACK,SOUND_ACTION_PICKUP_ITEM,13,1,1,1,0,1381,,0,0,0,0
1382,T_24_L_E_BOOYAH_YELLOW,TXT_OB7_LZW_ITEM_EXCHANGE_DESC,,0,Icon_exchange_ob24_booyah_yellow,,,,INGAME_PICKUP_CANDY_BOOYAHDAY_YELLOW,SOUND_ACTION_PICKUP_ITEM,13,1,1,1,0,1382,,0,0,0,0
1383,T_24_L_E_BOOYAH_GRAY,TXT_OB7_LZW_ITEM_EXCHANGE_DESC,,0,Icon_exchange_ob24_booyah_gray,,,,INGAME_PICKUP_CANDY_BOOYAHDAY_GRAY,SOUND_ACTION_PICKUP_ITEM,13,1,1,1,0,1383,,0,0,0,0
1384,T_24_L_E_BLUE_HEXAGON,TXT_OB7_LZW_ITEM_EXCHANGE_DESC,,0,Icon_exchange_ob24_blue_hexagon,,,,INGAME_PICKUP_CANDY_FFCS_BADGE,SOUND_ACTION_PICKUP_ITEM,13,1,1,1,0,1384,,0,0,0,0
1385,T_24_L_E_WHITE_HEXAGON,TXT_OB7_LZW_ITEM_EXCHANGE_DESC,,0,Icon_exchange_ob24_white_hexagon,,,,INGAME_PICKUP_CANDY_FFCS_COIN,SOUND_ACTION_PICKUP_ITEM,13,1,1,1,0,1385,,0,0,0,0
1386,T_24_L_E_TRIANGLE_TOKEN,TXT_OB7_LZW_ITEM_EXCHANGE_DESC,,0,Icon_exchange_ob24_triangle_token,,,,INGAME_PICKUP_CANDY_FFCS_STONE,SOUND_ACTION_PICKUP_ITEM,13,1,1,1,0,1386,,0,0,0,0
1387,T_24_L_E_DIWALI_FIRECRACKER_B,TXT_OB7_LZW_ITEM_EXCHANGE_DESC,,0,Icon_exchange_ob24_diwali_firecracker_B,,,,INGAME_PICKUP_CANDY_FIRECRACKERS,SOUND_ACTION_PICKUP_ITEM,13,1,1,1,0,1387,,0,0,0,0
1388,T_24_L_E_DIWALI_FIRECRACKER_A,TXT_OB7_LZW_ITEM_EXCHANGE_DESC,,0,Icon_exchange_ob24_diwali_firecracker_A,,,,INGAME_PICKUP_CANDY_SALUTE,SOUND_ACTION_PICKUP_ITEM,13,1,1,1,0,1388,,0,0,0,0
1389,T_25_L_E_MAX_COIN,TXT_OB7_LZW_ITEM_EXCHANGE_DESC,,0,Icon_exchange_ob25_MAX_coin,,,,INGAME_PICKUP_CANDY_MAXCOIN,SOUND_ACTION_PICKUP_ITEM,13,1,1,1,0,1389,,0,0,0,0
1390,T_25_L_E_RED_ENERGON,TXT_OB7_LZW_ITEM_EXCHANGE_DESC,,0,Icon_exchange_ob25_red_energon,,,,INGAME_PICKUP_CANDY_BOUNTY_RED,SOUND_ACTION_PICKUP_ITEM,13,1,1,1,0,1390,,0,0,0,0
1391,T_25_L_E_GREEN_ENERGON,TXT_OB7_LZW_ITEM_EXCHANGE_DESC,,0,Icon_exchange_ob25_green_energon,,,,INGAME_PICKUP_CANDY_BOUNTY_GREEN,SOUND_ACTION_PICKUP_ITEM,13,1,1,1,0,1391,,0,0,0,0
1392,T_25_L_E_PURPLE_ENERGON,TXT_OB7_LZW_ITEM_EXCHANGE_DESC,,0,Icon_exchange_ob25_purple_energon,,,,INGAME_PICKUP_CANDY_BOUNTY_PURPLE,SOUND_ACTION_PICKUP_ITEM,13,1,1,1,0,1392,,0,0,0,0
1393,T_25_L_E_BLUE_NUCLEUS,TXT_OB7_LZW_ITEM_EXCHANGE_DESC,,0,Icon_exchange_ob25_blue_nucleus,,,,INGAME_PICKUP_CANDY_MEGAPUNCH_BLUE,SOUND_ACTION_PICKUP_ITEM,13,1,1,1,0,1393,,0,0,0,0
1394,T_25_L_E_YELLOW_NUCLEUS,TXT_OB7_LZW_ITEM_EXCHANGE_DESC,,0,Icon_exchange_ob25_yellow_nucleus,,,,INGAME_PICKUP_CANDY_MEGAPUNCH_ORANGE,SOUND_ACTION_PICKUP_ITEM,13,1,1,1,0,1394,,0,0,0,0
1395,T_25_L_E_PURPLE_NUCLEUS,TXT_OB7_LZW_ITEM_EXCHANGE_DESC,,0,Icon_exchange_ob25_purple_nucleus,,,,INGAME_PICKUP_CANDY_MEGAPUNCH_PINK,SOUND_ACTION_PICKUP_ITEM,13,1,1,1,0,1395,,0,0,0,0
1396,T_25_Q_TICKET_TOKEN,TXT_OB7_LZW_ITEM_EXCHANGE_DESC,,0,Icon_exchange_MegaPunchTicket,,,,INGAME_PICKUP_CANDY_MEGAPUNCH_TICKET,SOUND_ACTION_PICKUP_ITEM,13,1,1,1,0,1396,,0,0,0,0
1397,T_25_L_E_SAKURA,TXT_OB7_LZW_ITEM_EXCHANGE_DESC,,0,Icon_exchange_ob25_sakura,,,,INGAME_PICKUP_CANDY_SAKURA,SOUND_ACTION_PICKUP_ITEM,13,1,1,1,0,1397,,0,0,0,0
1398,T_25_L_E_CANDY_BAR,TXT_OB7_LZW_ITEM_EXCHANGE_DESC,,0,Icon_exchange_Icefestival_stick,,,,INGAME_PICKUP_CANDY_CANECAN,SOUND_ACTION_PICKUP_ITEM,13,1,1,1,0,1398,,0,0,0,0
1399,T_25_L_E_FESTIVAL_BELL,TXT_OB7_LZW_ITEM_EXCHANGE_DESC,,0,Icon_exchange_Icefestival_bell,,,,INGAME_PICKUP_CANDY_BELL,SOUND_ACTION_PICKUP_ITEM,13,1,1,1,0,1399,,0,0,0,0
1401,TXT_OB11_HQW_LANDMINE,TXT_OB11_HQW_LANDMINE_DESC,,0,Icon_weapon_Landmine,Icon_slot_Landmine,INGAME_ITEM_LANDMINE,INGAME_ITEM_LANDMINE,INGAME_PICKUP_LANDMINE,SOUND_ACTION_PICKUP_GAMEITEM,14,1,1,1,3,1401,0,1,0,0,0.3
1502,T_32_LQ_INGAMEBONUS_HURRICANE_NAME,T_32_LQ_INGAMEBONUS_HURRICANE_DESC,,0,UI_icon_FF_Hurricane,UI_icon_FF_Hurricane,EFFECT_INGAMEBONUS_MALE,EFFECT_INGAMEBONUS_MALE,EFFECT_INGAMEBONUS_MALE,,15,1,0,1,0,806000002,0,1,0,0,0
1503,T_32_LQ_INGAMEBONUS_HURRICANE_NAME,T_32_LQ_INGAMEBONUS_HURRICANE_DESC,,0,UI_icon_FF_Hurricane,UI_icon_FF_Hurricane,EFFECT_INGAMEBONUS_MALE,EFFECT_INGAMEBONUS_MALE,EFFECT_INGAMEBONUS_MALE,,15,1,0,1,0,806000003,0,1,0,0,0
1504,T_32_LQ_INGAMEBONUS_HURRICANE_NAME,T_32_LQ_INGAMEBONUS_HURRICANE_DESC,,0,UI_icon_FF_Hurricane,UI_icon_FF_Hurricane,EFFECT_INGAMEBONUS_MALE,EFFECT_INGAMEBONUS_MALE,EFFECT_INGAMEBONUS_MALE,,15,1,0,1,0,806000004,0,1,0,0,0
1601,T_12_Q_ITEM_FLYSHOE,T_12_Q_ITEM_FLYSHOE_DESC,,0,Icon_shoe_JetShoe,Icon_shoe_JetShoe,INGAME_ITEM_JETPACK,INGAME_ITEM_JETPACK,INGAME_PICKUP_FLYSHOE,SOUND_ACTION_PICKUP_GAMEITEM,16,0,0,1,0,1601,114,1,0,0,0
1602,T_12_Q_ITEM_DOUBLEJUMPSHOE,T_12_Q_ITEM_DOUBLEJUMPSHOE_DESC,,0,Icon_shoe_DoubleJumpShoe,Icon_shoe_DoubleJumpShoe,INGAME_ITEM_JETPACK,INGAME_ITEM_JETPACK,INGAME_PICKUP_DOUBLEJUMPSHOE,SOUND_ACTION_PICKUP_GAMEITEM,17,0,0,1,0,1602,115,1,0,0,0
1801,T_13_Q__JANKENPON_STONE,T_13_Q__JANKENPON_STONE_DESC,,0,Icon_item_Stone,Icon_item_Stone,,,INGAME_PICKUP_GHOSTCANDY,SOUND_ACTION_PICKUP_GAMEITEM,18,,0,5,,1,,1,,0,0
1802,T_13_Q__JANKENPON_CLOTH,T_13_Q__JANKENPON_CLOTH_DESC,,0,Icon_item_Cloth,Icon_item_Cloth,,,INGAME_PICKUP_MEXICOSKULL,SOUND_ACTION_PICKUP_GAMEITEM,18,,0,5,,2,,1,,0,0
1803,T_13_Q__JANKENPON_SCISSORS,T_13_Q__JANKENPON_SCISSORS_DESC,,0,Icon_item_Scissors,Icon_item_Scissors,,,INGAME_XMAS_DROP,SOUND_ACTION_PICKUP_GAMEITEM,18,,0,5,,3,,1,,0,0
1901,hype_juice,,,0,,,,,VFX_Ingame_Laser_HypeJuice,,19,1,0,1,0,4,0,0,1,0,0
2001,T_15_X_PVEBUFF_ATKUP,,,0,Icon_ingame_Buff_attack,Icon_ingame_Buff_attack,,,Buff_Pot_Attack,,1,1,0,1,0,2001,0,0,1,0,0
2002,T_15_X_PVEBUFF_SPEEDUP,,,0,Icon_ingame_Buff_mobile,Icon_ingame_Buff_mobile,,,Buff_Pot_Speed,,1,1,0,1,0,2002,0,0,1,0,0
2003,T_17_Q_FOLDWINGS,T_17_Q_FOLDWINGS_DESC,,0,Icon_item_foldwings,Icon_item_foldwings,INGAME_ITEM_FOLDWING,INGAME_ITEM_FOLDWING,INGAME_PICKUP_FOLDWINGS,SOUND_ACTION_PICKUP_GAMEITEM,20,0,0,1,0,2101,0,1,0,0,0
2004,T_16_X_PVEBUFF_UNDEAD,,,0,Icon_ingame_Buff_UnDead,Icon_ingame_Buff_UnDead,,,Buff_Pot_Undead,,1,1,0,1,0,2004,0,0,1,0,0
2005,T_16_X_PVEBUFF_UNLIMITEDBULLET,,,0,Icon_ingame_Buff_UnlimitedBullet,Icon_ingame_Buff_UnlimitedBullet,,,Buff_Pot_Bullet,,1,1,0,1,0,2005,0,0,1,0,0
2006,T_19_O_TDM_LIFE,,,0,,,,,VFX_INGAME_LASER_TDM_GREEN,,1,1,0,1,0,2006,0,0,1,0,0
2007,T_19_O_TDM_ARMOR,,,0,,,,,VFX_INGAME_LASER_TDM_PURPLE,,1,1,0,1,0,705,0,0,1,0,0
2008,T_19_O_TDM_AMMO,,,0,,,,,VFX_INGAME_LASER_TDM_RED,,1,1,0,1,0,2007,0,0,1,0,0
2009,T_31_RW_COMBINEMACHINE_1,T_31_RW_COMBINEMACHINE_DESC_1,,0,Icon_equipment_CombineMachine,Icon_equipment_CombineMachine,INGAME_ITEM_COMBINEMACHINE,INGAME_ITEM_COMBINEMACHINE,INGAME_PICKUP_COMBINEMACHINE,SOUND_ACTION_PICKUP_GAMEITEM,40,0,0,1,0,2009,0,1,0,0,0
2010,T_31_RW_COMBINEMACHINE_2,T_31_RW_COMBINEMACHINE_DESC_2,,0,Icon_equipment_CombineMachine,Icon_equipment_CombineMachine,INGAME_ITEM_COMBINEMACHINE,INGAME_ITEM_COMBINEMACHINE,INGAME_PICKUP_COMBINEMACHINE,SOUND_ACTION_PICKUP_GAMEITEM,41,0,0,1,0,2010,0,1,0,0,0
2102,T_16_Q_MINISENTRY,T_16_Q_MINISENTRY_DESC,,0,Icon_weapon_MiniSentryGun_Handle,Icon_slot_MiniSentryGun_Handle,INGAME_ITEM_MINISENTRY,INGAME_ITEM_MINISENTRY,INGAME_PICKUP_MINISENTRY,SOUND_ACTION_PICKUP_GAMEITEM,21,1,1,1,3,2102,0,1,0,0,0
2209,T_28_R_PAINTSPRAYER_RAMPAGE,T_28_R_PAINTSPRAYER_RAMPAGE_DESC,,0,Icon_paintsprayer_Foursymbols,Icon_paintsprayer_Foursymbols,INGAME_ITEM_PAINTSPRAYER_MALE_FOURSYMBOLS,INGAME_ITEM_PAINTSPRAYER_MALE_FOURSYMBOLS,INGAME_PICKUP_PAINTSPRAYER_FOURSYMBOLS,SOUND_ACTION_PICKUP_GAMEITEM,22,1,1,1,0,2209,0,1,0,0,0
2210,T_29_KK_PAINTSPRAYER_MUSICFEST,T_29_KK_PAINTSPRAYER_MUSICFEST_DESC,,0,Icon_paintsprayer_Musicfest,Icon_paintsprayer_Musicfest,INGAME_ITEM_PAINTSPRAYER_MALE_MUSICFEST,INGAME_ITEM_PAINTSPRAYER_MALE_MUSICFEST,INGAME_PICKUP_PAINTSPRAYER_MUSICFEST,SOUND_ACTION_PICKUP_GAMEITEM,22,1,1,1,0,2210,0,1,0,0,0
2211,T_30_LQ_PAINTSPRAYER_BOOYAHDAY21,T_30_LQ_PAINTSPRAYER_BOOYAHDAY21_DESC,,0,Icon_paintsprayer_Booyahday21,Icon_paintsprayer_Booyahday21,INGAME_ITEM_PAINTSPRAYER_MALE_BOOYAHDAY21,INGAME_ITEM_PAINTSPRAYER_MALE_BOOYAHDAY21,INGAME_PICKUP_PAINTSPRAYER_BOOYAHDAY21,SOUND_ACTION_PICKUP_GAMEITEM,22,1,1,1,0,2211,0,1,0,0,0
2212,T_31_LQ_PAINTSPRAYER_JUMPSUIT2,T_31_LQ_PAINTSPRAYER_JUMPSUIT2_DESC,,0,Icon_paintsprayer_Jumpsuit2,Icon_paintsprayer_Jumpsuit2,INGAME_ITEM_PAINTSPRAYER_MALE_JUMPSUIT2,INGAME_ITEM_PAINTSPRAYER_MALE_JUMPSUIT2,INGAME_PICKUP_PAINTSPRAYER_JUMPSUIT2,SOUND_ACTION_PICKUP_GAMEITEM,22,1,1,1,0,2212,0,1,0,0,0
2301,pumpkin_buff,,,0,,,,,EFFECT_PUMPKINSNATCH_LOOT,,23,1,0,1,0,2301,0,0,1,0,0
2401,T_18_C_DUMMY_NAME,T_18_C_DUMMY_DESC,,0,Icon_weapon_DUMMY,Icon_weapon_DUMMY,INGAME_ITEM_DUMMY,INGAME_ITEM_DUMMY,INGAME_PICKUP_DUMMY,SOUND_ACTION_PICKUP_GAMEITEM,24,1,1,1,3,2401,0,1,0,0,0
2501,T_19_B_HB_NAME,T_19_B_HB_DES,,0,Icon_weapon_Hoverboard,Icon_weapon_Hoverboard,INGAME_ITEM_SKATEBOARD,INGAME_ITEM_SKATEBOARD,INGAME_PICKUP_SKATEBOARD,SOUND_ACTION_PICKUP_GAMEITEM,25,0,0,1,0,2501,0,1,0,0,0
2601,Bomb,Bomb,,0,Icon_C4_Bomb,Icon_C4_Bomb,INGAME_PICKUP_C4BOMB,INGAME_PICKUP_C4BOMB,INGAME_PICKUP_C4BOMB,SOUND_ACTION_PICKUP_GAMEITEM,26,0,1,1,0,2601,0,1,0,0,0
2701,T_21_H_TOKEN_DROP,,,0,,,,,,,27,1,0,1,0,0,0,0,0,0,0
2801,T_22_Q_BOMB_PLIERS,T_22_Q_BOMB_PLIERS_DESC,,0,Icon_item_Pliers,Icon_item_Pliers,INGAME_PICKUP_C4BOMB,INGAME_PICKUP_C4BOMB,INGAME_PICKUP_C4BOMB,,28,1,1,1,0,0,0,0,0,0,0
2901,BankNoteDrop,,,,,,,,VFX_Ingame_BankNote_Money,,29,1,0,1,0,0,0,0,0,0,0
3001,T_25_O_INGAMETOKEN,T_25_O_INGAMETOKEN_D,,,Icon_Ingame_Coin,Icon_Ingame_Coin,FF_MODEL_INGAME_TOKEN,FF_MODEL_INGAME_TOKEN,FF_MODEL_INGAME_TOKEN,SOUND_ACTION_PICKUP_GAMEITEM,30,1,1,999,0,0,0,1,0,0,0
3002,T_26_S_MYSTERYBOX_1,T_26_S_MYSTERYBOX_1,,,FF_ingame_CS_prize,FF_ingame_CS_prize,,,,,32,1,1,999,0,0,0,1,1,0,0
3003,T_26_S_MYSTERYBOX_2,T_26_S_MYSTERYBOX_2,,,FF_ingame_CS_prize,FF_ingame_CS_prize,,,,,32,2,1,999,0,0,0,1,1,0,0
3004,T_26_S_MYSTERYBOX_3,T_26_S_MYSTERYBOX_3,,,FF_ingame_CS_prize,FF_ingame_CS_prize,,,,,32,3,1,999,0,0,0,1,1,0,0
3005,T_26_S_MYSTERYBOX_4,T_26_S_MYSTERYBOX_4,,,FF_ingame_CS_prize,FF_ingame_CS_prize,,,,,32,4,1,999,0,0,0,1,1,0,0
3006,T_26_S_MYSTERYBOX_5,T_26_S_MYSTERYBOX_5,,,FF_ingame_CS_prize,FF_ingame_CS_prize,,,,,32,5,1,999,0,0,0,1,1,0,0
3007,T_26_S_MYSTERYBOXITEM_FREE,T_26_S_MYSTERYBOXITEM_FREE,,,FF_ingame_CS_0,FF_ingame_CS_0,,,,,33,5,1,999,0,0,0,1,1,0,0
3008,T_32_U_REPLACER,T_32_U_REPLACER_D,,0,Icon_Strengthen_Gunchip,Icon_Strengthen_Gunchip,INGAME_ITEM_Gold_M4A1_Attachment,INGAME_ITEM_Gold_M4A1_Attachment,INGAME_ITEM_Gold_M4A1_Attachment,SOUND_ACTION_PICKUP_GAMEITEM,1,1,1,1,0,3008,0,1,0,0,0
3009,T_32_RW_CSAIRDROP_CSCOIN,T_32_RW_CSAIRDROP_CSCOIN,,,Icon_Ingame_Coin,Icon_Ingame_Coin,FF_MODEL_INGAME_TOKEN,FF_MODEL_INGAME_TOKEN,FF_MODEL_INGAME_TOKEN,SOUND_ACTION_PICKUP_GAMEITEM,42,1,0,1,0,0,0,0,1,0,0
3010,T_32_KY_AC_KEY_NAME,T_32_KY_AC_KEY_DESC,,,UI_item_VaultKey,UI_item_VaultKey,FF_MODEL_INGAME_VAULTKEY,FF_MODEL_INGAME_VAULTKEY,FF_MODEL_INGAME_VAULTKEY,SOUND_OB32_AC_UI_Click_VaultKey,1,1,1,1,0,3010,0,1,0,1,0
3011,T_32_U_REPLACER,T_32_U_REPLACER_D,,0,Icon_Strengthen_Gunchip,Icon_Strengthen_Gunchip,INGAME_ITEM_Gold_M4A1_Attachment,INGAME_ITEM_Gold_M4A1_Attachment,INGAME_ITEM_Gold_M4A1_Attachment,SOUND_ACTION_PICKUP_GAMEITEM,1,1,1,1,0,3008,0,1,0,0,0
3012,T_32_U_REPLACER,T_32_U_REPLACER_D,,0,Icon_Strengthen_Gunchip,Icon_Strengthen_Gunchip,INGAME_ITEM_Gold_M4A1_Attachment,INGAME_ITEM_Gold_M4A1_Attachment,INGAME_ITEM_Gold_M4A1_Attachment,SOUND_ACTION_PICKUP_GAMEITEM,1,1,1,1,0,3008,0,1,0,0,0
4001,T_25_V_TRAINING_FIREWORKS,T_25_V_TRAINING_FIREWORKS,,,Icon_Ingame_fireworks,Icon_Ingame_fireworks,INGAME_PICKUP_FIREWORKS,INGAME_PICKUP_FIREWORKS,INGAME_FIREWORKS,,31,1,1,20,0,4001,0,1,0,0,0
5001,T_26_F_REVIVE_CARD_NAME,T_26_F_REVIVE_CARD_DESC,,,Icon_item_ReviveCard,Icon_item_ReviveCard,FF_MODEL_INGAME_TOKEN,FF_MODEL_INGAME_TOKEN,FF_MODEL_INGAME_TOKEN,,36,1,1,1,0,0,0,0,1,1,0
5002,T_26_F_REVIVE_CARD_NAME,T_26_F_REVIVE_CARD_DESC,,,Icon_item_ReviveCard,Icon_item_ReviveCard,FF_MODEL_INGAME_TOKEN,FF_MODEL_INGAME_TOKEN,FF_MODEL_INGAME_TOKEN,,36,1,1,1,0,0,0,0,1,1,0
6001,T_29_A_GW_BOX,T_29_A_GW_BOX_DESC,,,Icon_item_GuildWar_Box,Icon_item_GuildWar_Box,,,INGAME_PICKUP_GUILDWAR_BOX,SOUND_ACTION_PICKUP_GAMEITEM,37,1,1,3,0,6001,0,0,0,25,0
7001,T_28_XL_FS_BOXNAME,T_28_XL_FS_BOXDESC,,0,Icon_exchange_foxbox,,,,INGAME_PIRATE_BOX,SOUND_ACTION_PICKUP_ITEM,13,1,1,1,0,7001,,0,0,0,0
7002,T_28_KK_FOURSYMBOLS_TOKEN_NAME,T_28_KK_FOURSYMBOLS_TOKEN_DESC,,0,Icon_exchange_ob28_foursymbols,,,,INGAME_PIRATE_BOX,SOUND_ACTION_PICKUP_ITEM,13,1,1,1,0,7002,,0,0,0,0
13001,T_28_KK_FOURSYMBOLS_TOKEN_NAME,T_28_KK_FOURSYMBOLS_TOKEN_DESC,,0,Icon_exchange_ob28_foursymbols,,,,INGAME_PIRATE_BOX,SOUND_ACTION_PICKUP_ITEM,13,1,1,1,0,8001,,0,0,0,0
14000,T_32_C_MISSION_WANTED_TOKEN,T_32_C_MISSION_WANTED_TOKEN_DESC,,,UI_Mission,,,,,,43,1,0,1,0,1,,,1,0,0
